time,mean_centered,standardized
0.013,387.0299572039943,4.395695336159043
0.126,264.0299572039943,2.998722010751605
0.13,242.0299572039943,2.748856863117754
0.151,190.0299572039943,2.158266514165016
0.184,207.0299572039943,2.351344128245719
0.202,176.0299572039943,1.9992614202162022
0.207,163.0299572039943,1.8516138329780178
0.258,159.0299572039943,1.8061838061354996
0.297,156.0299572039943,1.7721112860036108
0.345,131.0299572039943,1.4881736182378713
0.382,164.0299572039943,1.8629713396886474
0.403,161.0299572039943,1.8288988195567586
0.459,150.0299572039943,1.7039662457398332
0.478,124.02995720399429,1.4086710712634642
0.533,150.0299572039943,1.7039662457398332
0.539,148.0299572039943,1.6812512323185742
0.554,160.0299572039943,1.817541312846129
0.668,147.0299572039943,1.6698937256079445
0.678,149.0299572039943,1.6926087390292037
0.736,160.0299572039943,1.817541312846129
0.742,123.02995720399429,1.3973135645528347
0.861,144.0299572039943,1.635821205476056
0.869,127.02995720399429,1.442743591395353
0.897,128.0299572039943,1.4541010981059825
0.939,120.02995720399429,1.363241044420946
0.946,116.02995720399429,1.3178110175784277
1.037,115.02995720399429,1.3064535108677982
1.092,113.02995720399429,1.283738497446539
1.132,124.02995720399429,1.4086710712634642
1.217,123.02995720399429,1.3973135645528347
1.225,109.02995720399429,1.2383084706040206
1.248,115.02995720399429,1.3064535108677982
1.338,115.02995720399429,1.3064535108677982
1.349,130.0299572039943,1.4768161115272418
1.431,111.02995720399429,1.2610234840252799
1.443,118.02995720399429,1.340526030999687
1.527,112.02995720399429,1.2723809907359094
1.551,110.02995720399429,1.2496659773146501
1.62,90.02995720399429,1.0225158431020587
1.629,103.02995720399429,1.1701634303402433
1.677,103.02995720399429,1.1701634303402433
1.717,95.02995720399429,1.0793033766552065
1.726,103.02995720399429,1.1701634303402433
1.774,98.02995720399429,1.1133758967870953
1.793,93.02995720399429,1.0565883632339474
1.907,93.02995720399429,1.0565883632339474
1.951,85.02995720399429,0.9657283095489108
1.995,79.02995720399429,0.8975832692851333
2.045,84.02995720399429,0.9543708028382812
2.104,71.02995720399429,0.8067232156000967
2.115,74.02995720399429,0.8407957357319854
2.119,89.02995720399429,1.0111583363914292
2.208,82.02995720399429,0.9316557894170221
2.275,77.02995720399429,0.8748682558638742
2.309,75.02995720399429,0.852153242442615
2.321,74.02995720399429,0.8407957357319854
2.325,77.02995720399429,0.8748682558638742
2.389,73.02995720399429,0.8294382290213559
2.414,84.02995720399429,0.9543708028382812
2.424,72.02995720399429,0.8180807223107263
2.482,59.029957203994286,0.6704331350725418
2.515,83.02995720399429,0.9430132961276516
2.519,70.02995720399429,0.7953657088894671
2.602,72.02995720399429,0.8180807223107263
2.624,66.02995720399429,0.7499356820469488
2.717,70.02995720399429,0.7953657088894671
2.72,60.029957203994286,0.6817906417831714
2.724,68.02995720399429,0.772650695468208
2.735,63.029957203994286,0.7158631619150602
2.793,60.029957203994286,0.6817906417831714
2.8,58.029957203994286,0.6590756283619122
2.857,57.029957203994286,0.6477181216512826
2.877,57.029957203994286,0.6477181216512826
2.998,61.029957203994286,0.693148148493801
3.026,53.029957203994286,0.6022880948087643
3.107,56.029957203994286,0.6363606149406531
3.139,69.02995720399429,0.7840082021788376
3.21,48.029957203994286,0.5455005612556165
3.308,61.029957203994286,0.693148148493801
3.36,69.02995720399429,0.7840082021788376
3.433,53.029957203994286,0.6022880948087643
3.506,50.029957203994286,0.5682155746768757
3.517,40.029957203994286,0.45464050757057983
3.572,55.029957203994286,0.6250031082300235
3.602,76.02995720399429,0.8635107491532447
3.614,58.029957203994286,0.6590756283619122
3.69,58.029957203994286,0.6590756283619122
3.697,61.029957203994286,0.693148148493801
3.773,56.029957203994286,0.6363606149406531
3.892,54.029957203994286,0.613645601519394
3.905,58.029957203994286,0.6590756283619122
3.965,55.029957203994286,0.6250031082300235
3.986,29.029957203994286,0.32970793375365454
3.994,48.029957203994286,0.5455005612556165
4.079,56.029957203994286,0.6363606149406531
4.082,43.029957203994286,0.4887130277024686
4.142,50.029957203994286,0.5682155746768757
4.173,62.029957203994286,0.7045056552044305
4.305,57.029957203994286,0.6477181216512826
4.309,48.029957203994286,0.5455005612556165
4.325,59.029957203994286,0.6704331350725418
4.357,64.02995720399429,0.7272206686256897
4.366,50.029957203994286,0.5682155746768757
4.44,50.029957203994286,0.5682155746768757
4.461,48.029957203994286,0.5455005612556165
4.471,62.029957203994286,0.7045056552044305
4.474,42.029957203994286,0.47735552099183903
4.496,60.029957203994286,0.6817906417831714
4.551,40.029957203994286,0.45464050757057983
4.589,60.029957203994286,0.6817906417831714
4.625,40.029957203994286,0.45464050757057983
4.683,43.029957203994286,0.4887130277024686
4.701,40.029957203994286,0.45464050757057983
4.74,50.029957203994286,0.5682155746768757
4.755,43.029957203994286,0.4887130277024686
4.823,59.029957203994286,0.6704331350725418
4.849,50.029957203994286,0.5682155746768757
4.864,53.029957203994286,0.6022880948087643
4.868,48.029957203994286,0.5455005612556165
5.002,41.029957203994286,0.46599801428120946
5.068,43.029957203994286,0.4887130277024686
5.112,31.029957203994286,0.3524229471749137
5.149,33.029957203994286,0.3751379605961728
5.156,38.029957203994286,0.4319254941493207
5.221,54.029957203994286,0.613645601519394
5.27,41.029957203994286,0.46599801428120946
5.272,44.029957203994286,0.5000705344130981
5.337,57.029957203994286,0.6477181216512826
5.364,45.029957203994286,0.5114280411237278
5.418,50.029957203994286,0.5682155746768757
5.458,46.029957203994286,0.5227855478343573
5.474,60.029957203994286,0.6817906417831714
5.526,61.029957203994286,0.693148148493801
5.55,43.029957203994286,0.4887130277024686
5.557,48.029957203994286,0.5455005612556165
5.598,71.02995720399429,0.8067232156000967
5.643,51.029957203994286,0.5795730813875052
5.651,58.029957203994286,0.6590756283619122
5.653,50.029957203994286,0.5682155746768757
5.657,61.029957203994286,0.693148148493801
5.684,64.02995720399429,0.7272206686256897
5.712,66.02995720399429,0.7499356820469488
5.834,55.029957203994286,0.6250031082300235
5.87,50.029957203994286,0.5682155746768757
5.915,64.02995720399429,0.7272206686256897
5.989,44.029957203994286,0.5000705344130981
5.993,82.02995720399429,0.9316557894170221
6.022,72.02995720399429,0.8180807223107263
6.029,77.02995720399429,0.8748682558638742
6.033,61.029957203994286,0.693148148493801
6.058,77.02995720399429,0.8748682558638742
6.116,70.02995720399429,0.7953657088894671
6.252,70.02995720399429,0.7953657088894671
6.257,57.029957203994286,0.6477181216512826
6.264,63.029957203994286,0.7158631619150602
6.304,72.02995720399429,0.8180807223107263
6.341,57.029957203994286,0.6477181216512826
6.346,60.029957203994286,0.6817906417831714
6.35,61.029957203994286,0.693148148493801
6.385,67.02995720399429,0.7612931887575785
6.404,68.02995720399429,0.772650695468208
6.453,97.02995720399429,1.1020183900764657
6.503,82.02995720399429,0.9316557894170221
6.542,82.02995720399429,0.9316557894170221
6.598,79.02995720399429,0.8975832692851333
6.607,81.02995720399429,0.9202982827063925
6.61,75.02995720399429,0.852153242442615
6.637,87.02995720399429,0.9884433229701699
6.691,84.02995720399429,0.9543708028382812
6.708,116.02995720399429,1.3178110175784277
6.709,83.02995720399429,0.9430132961276516
6.738,88.02995720399429,0.9998008296807995
6.817,85.02995720399429,0.9657283095489108
6.901,113.02995720399429,1.283738497446539
6.924,87.02995720399429,0.9884433229701699
6.961,94.02995720399429,1.067945869944577
7.016,111.02995720399429,1.2610234840252799
7.02,90.02995720399429,1.0225158431020587
7.105,92.02995720399429,1.045230856523318
7.106,87.02995720399429,0.9884433229701699
7.127,103.02995720399429,1.1701634303402433
7.209,98.02995720399429,1.1133758967870953
7.253,98.02995720399429,1.1133758967870953
7.289,82.02995720399429,0.9316557894170221
7.31,103.02995720399429,1.1701634303402433
7.405,92.02995720399429,1.045230856523318
7.408,82.02995720399429,0.9316557894170221
7.43,97.02995720399429,1.1020183900764657
7.496,105.02995720399429,1.1928784437615023
7.498,90.02995720399429,1.0225158431020587
7.523,97.02995720399429,1.1020183900764657
7.544,97.02995720399429,1.1020183900764657
7.573,103.02995720399429,1.1701634303402433
7.616,100.02995720399429,1.1360909102083545
7.66,99.02995720399429,1.1247334034977248
7.67,103.02995720399429,1.1701634303402433
7.688,100.02995720399429,1.1360909102083545
7.704,103.02995720399429,1.1701634303402433
7.723,98.02995720399429,1.1133758967870953
7.762,100.02995720399429,1.1360909102083545
7.769,91.02995720399429,1.0338733498126882
7.778,92.02995720399429,1.045230856523318
7.823,94.02995720399429,1.067945869944577
7.841,100.02995720399429,1.1360909102083545
7.857,78.02995720399429,0.8862257625745038
7.871,80.02995720399429,0.908940775995763
7.874,92.02995720399429,1.045230856523318
7.892,69.02995720399429,0.7840082021788376
7.913,93.02995720399429,1.0565883632339474
7.957,104.02995720399429,1.1815209370508728
7.985,140.0299572039943,1.5903911786335374
8.012,112.02995720399429,1.2723809907359094
8.039,86.02995720399429,0.9770858162595404
8.053,106.02995720399429,1.2042359504721318
8.066,113.02995720399429,1.283738497446539
8.068,104.02995720399429,1.1815209370508728
8.089,131.0299572039943,1.4881736182378713
8.108,120.02995720399429,1.363241044420946
8.155,122.02995720399429,1.3859560578422052
8.171,121.02995720399429,1.3745985511315755
8.202,140.0299572039943,1.5903911786335374
8.269,127.02995720399429,1.442743591395353
8.273,129.0299572039943,1.4654586048166123
8.331,145.0299572039943,1.6471787121866854
8.371,128.0299572039943,1.4541010981059825
8.378,140.0299572039943,1.5903911786335374
8.435,134.0299572039943,1.52224613836976
8.452,134.0299572039943,1.52224613836976
8.523,142.0299572039943,1.6131061920547967
8.549,137.0299572039943,1.5563186585016489
8.644,151.0299572039943,1.7153237524504628
8.648,139.0299572039943,1.5790336719229079
8.708,155.0299572039943,1.760753779292981
8.764,156.0299572039943,1.7721112860036108
8.771,138.0299572039943,1.5676761652122784
8.832,154.0299572039943,1.7493962725823515
8.842,137.0299572039943,1.5563186585016489
8.906,128.0299572039943,1.4541010981059825
8.961,151.0299572039943,1.7153237524504628
9.02,144.0299572039943,1.635821205476056
9.081,151.0299572039943,1.7153237524504628
9.085,145.0299572039943,1.6471787121866854
9.134,144.0299572039943,1.635821205476056
9.135,145.0299572039943,1.6471787121866854
9.149,146.0299572039943,1.658536218897315
9.207,143.0299572039943,1.6244636987654262
9.281,155.0299572039943,1.760753779292981
9.305,151.0299572039943,1.7153237524504628
9.312,154.0299572039943,1.7493962725823515
9.391,156.0299572039943,1.7721112860036108
9.46,155.0299572039943,1.760753779292981
9.51,162.0299572039943,1.840256326267388
9.533,165.0299572039943,1.8743288463992769
9.587,169.0299572039943,1.9197588732417952
9.592,163.0299572039943,1.8516138329780178
9.64,173.0299572039943,1.9651889000843135
9.7,156.0299572039943,1.7721112860036108
9.719,154.0299572039943,1.7493962725823515
9.794,150.0299572039943,1.7039662457398332
9.801,162.0299572039943,1.840256326267388
9.835,155.0299572039943,1.760753779292981
9.882,165.0299572039943,1.8743288463992769
9.962,158.0299572039943,1.7948262994248698
10.036,197.0299572039943,2.2377690611394234
10.098,178.0299572039943,2.0219764336374615
10.192,174.0299572039943,1.9765464067949432
10.204,158.0299572039943,1.7948262994248698
10.253,162.0299572039943,1.840256326267388
10.274,168.0299572039943,1.9084013665311657
10.394,152.0299572039943,1.7266812591610925
10.409,141.0299572039943,1.6017486853441671
10.478,149.0299572039943,1.6926087390292037
10.518,132.0299572039943,1.4995311249485008
10.604,151.0299572039943,1.7153237524504628
10.612,146.0299572039943,1.658536218897315
10.659,165.0299572039943,1.8743288463992769
10.707,161.0299572039943,1.8288988195567586
10.812,174.0299572039943,1.9765464067949432
10.818,153.0299572039943,1.738038765871722
10.872,159.0299572039943,1.8061838061354996
10.925,183.0299572039943,2.0787639671906093
11.066,130.0299572039943,1.4768161115272418
11.078,113.02995720399429,1.283738497446539
11.124,133.0299572039943,1.5108886316591306
11.13,134.0299572039943,1.52224613836976
11.216,145.0299572039943,1.6471787121866854
11.325,123.02995720399429,1.3973135645528347
11.333,39.029957203994286,0.44328300085995026
11.41,-50.970042796005714,-0.5788926030967116
11.61,-31.970042796005714,-0.36309997559474966
11.625,-51.970042796005714,-0.5902501098073412
11.717,-42.970042796005714,-0.488032549411675
11.798,-57.970042796005714,-0.6583951500711186
11.808,-36.970042796005714,-0.4198875091478975
11.921,-57.970042796005714,-0.6583951500711186
12.033,-39.970042796005714,-0.45396002927978624
12.039,-52.970042796005714,-0.6016076165179708
12.094,-40.970042796005714,-0.4653175359904158
12.338,22.029957203994286,0.2502053867792475
12.477,131.0299572039943,1.4881736182378713
12.485,107.02995720399429,1.2155934571827616
12.605,123.02995720399429,1.3973135645528347
12.736,90.02995720399429,1.0225158431020587
12.747,126.02995720399429,1.4313860846847235
12.884,141.0299572039943,1.6017486853441671
12.91,142.0299572039943,1.6131061920547967
13.07,150.0299572039943,1.7039662457398332
13.079,133.0299572039943,1.5108886316591306
13.255,126.02995720399429,1.4313860846847235
13.356,108.02995720399429,1.226950963893391
13.418,105.02995720399429,1.1928784437615023
13.428,99.02995720399429,1.1247334034977248
13.497,93.02995720399429,1.0565883632339474
13.625,99.02995720399429,1.1247334034977248
13.637,103.02995720399429,1.1701634303402433
13.646,110.02995720399429,1.2496659773146501
13.771,92.02995720399429,1.045230856523318
13.942,58.029957203994286,0.6590756283619122
13.951,77.02995720399429,0.8748682558638742
14.01,49.029957203994286,0.556858067966246
14.289,-54.970042796005714,-0.6243226299392299
14.312,-43.970042796005714,-0.4993900561223046
14.535,-58.970042796005714,-0.6697526567817482
14.547,-49.970042796005714,-0.567535096386082
14.555,-50.970042796005714,-0.5788926030967116
14.711,-60.970042796005714,-0.6924676702030074
14.87,-49.970042796005714,-0.567535096386082
14.966,-43.970042796005714,-0.4993900561223046
15.203,-56.970042796005714,-0.6470376433604891
15.217,-68.97004279600571,-0.783327723888044
15.393,-67.97004279600571,-0.7719702171774144
15.545,-78.97004279600571,-0.8969027909943398
15.555,-63.970042796005714,-0.7265401903348961
15.844,-78.97004279600571,-0.8969027909943398
15.865,-81.97004279600571,-0.9309753111262284
15.87,-46.970042796005714,-0.5334625762541932
16.06,-100.97004279600571,-1.1467679386281904
16.213,-95.97004279600571,-1.0899804050750426
16.243,-92.97004279600571,-1.0559078849431538
16.43,-114.97004279600571,-1.3057730325770045
16.604,-110.97004279600571,-1.2603430057344862
16.617,-115.97004279600571,-1.317130539287634
16.826,-111.97004279600571,-1.2717005124451157
16.833,-138.9700427960057,-1.5783531936321142
17.046,-124.97004279600571,-1.4193480996833003
17.075,-130.9700427960057,-1.4874931399470777
17.316,-148.9700427960057,-1.69192826073841
17.506,-144.9700427960057,-1.6464982338958918
17.531,-153.9700427960057,-1.7487157942915579
17.543,-135.9700427960057,-1.5442806735002257
17.789,-153.9700427960057,-1.7487157942915579
17.909,-142.9700427960057,-1.6237832204746325
17.923,-148.9700427960057,-1.69192826073841
18.256,-144.9700427960057,-1.6464982338958918
18.49,-148.9700427960057,-1.69192826073841
18.508,-141.9700427960057,-1.612425713764003
18.519,-148.9700427960057,-1.69192826073841
18.873,-146.9700427960057,-1.669213247317151
18.89,-140.9700427960057,-1.6010682070533735
19.317,-153.9700427960057,-1.7487157942915579
19.451,-161.9700427960057,-1.8395758479765947
19.479,-142.9700427960057,-1.6237832204746325
19.68,-163.9700427960057,-1.8622908613978537
19.693,-168.9700427960057,-1.9190783949510015
19.963,-145.9700427960057,-1.6578557406065213
20.124,-144.9700427960057,-1.6464982338958918
20.466,-135.9700427960057,-1.5442806735002257
20.469,-152.9700427960057,-1.7373582875809284
20.708,-141.9700427960057,-1.612425713764003
20.954,-154.9700427960057,-1.7600733010021876
21.218,-165.9700427960057,-1.885005874819113
21.47,-162.9700427960057,-1.8509333546872242
21.786,-162.9700427960057,-1.8509333546872242
21.986,-164.9700427960057,-1.8736483681084832
22.718,-112.97004279600571,-1.2830580191557452
22.895,-134.9700427960057,-1.532923166789596
23.13,-129.9700427960057,-1.4761356332364481
23.279,-129.9700427960057,-1.4761356332364481
23.472,-129.9700427960057,-1.4761356332364481
23.747,-133.9700427960057,-1.5215656600789664
23.888,-121.97004279600571,-1.3852755795514116
24.084,-144.9700427960057,-1.6464982338958918
24.299,-159.9700427960057,-1.8168608345553354
24.516,-146.9700427960057,-1.669213247317151
24.721,-130.9700427960057,-1.4874931399470777
24.927,-147.9700427960057,-1.6805707540277806
25.329,-149.9700427960057,-1.7032857674490396
25.599,-154.9700427960057,-1.7600733010021876
25.824,-164.9700427960057,-1.8736483681084832
25.99,-155.9700427960057,-1.7714308077128171
26.631,-123.97004279600571,-1.4079905929726706
26.918,-132.9700427960057,-1.510208153368337
27.074,-133.9700427960057,-1.5215656600789664
27.336,-123.97004279600571,-1.4079905929726706
27.504,-113.97004279600571,-1.294415525866375
27.68,-93.97004279600571,-1.0672653916537833
27.896,-137.9700427960057,-1.5669956869214847
28.136,-120.97004279600571,-1.373918072840782
28.286,-117.97004279600571,-1.3398455527088933
28.502,-105.97004279600571,-1.2035554721813384
28.764,-75.97004279600571,-0.862830270862451
29.091,-131.9700427960057,-1.4988506466577074
29.319,-151.9700427960057,-1.7260007808702988
29.701,-128.9700427960057,-1.4647781265258186
29.98,-120.97004279600571,-1.373918072840782
30.148,-127.97004279600571,-1.4534206198151889
30.618,-109.97004279600571,-1.2489854990238567
30.761,-111.97004279600571,-1.2717005124451157
30.974,-127.97004279600571,-1.4534206198151889
31.198,-115.97004279600571,-1.317130539287634
31.404,-107.97004279600571,-1.2262704856025974
31.756,-92.97004279600571,-1.0559078849431538
31.793,-97.97004279600571,-1.1126954184963016
31.895,-78.97004279600571,-0.8969027909943398
32.069,-62.970042796005714,-0.7151826836242665
32.163,-48.970042796005714,-0.5561775896754525
32.254,-88.97004279600571,-1.0104778581006355
32.37,-67.97004279600571,-0.7719702171774144
32.415,-110.97004279600571,-1.2603430057344862
32.588,-109.97004279600571,-1.2489854990238567
32.645,-114.97004279600571,-1.3057730325770045
32.768,-115.97004279600571,-1.317130539287634
32.814,-104.97004279600571,-1.1921979654707087
32.904,-87.97004279600571,-0.9991203513900059
33.026,-95.97004279600571,-1.0899804050750426
33.06,-91.97004279600571,-1.0445503782325243
33.148,-79.97004279600571,-0.9082602977049693
33.202,-76.97004279600571,-0.8741877775730806
33.248,-75.97004279600571,-0.862830270862451
33.48,-58.970042796005714,-0.6697526567817482
33.688,-40.970042796005714,-0.4653175359904158
33.735,-93.97004279600571,-1.0672653916537833
33.81,-104.97004279600571,-1.1921979654707087
33.857,-100.97004279600571,-1.1467679386281904
34.046,-99.97004279600571,-1.1354104319175609
34.079,-89.97004279600571,-1.021835364811265
34.185,-89.97004279600571,-1.021835364811265
34.337,-91.97004279600571,-1.0445503782325243
34.531,-72.97004279600571,-0.8287577507305622
34.578,-62.970042796005714,-0.7151826836242665
34.668,-30.970042796005714,-0.3517424688841201
34.901,-0.9700427960057141,-0.011017267565232775
34.904,0.02995720399428592,0.00034023914539680147
34.946,-6.970042796005714,-0.07916230782901024
35.061,-5.970042796005714,-0.06780480111838066
35.181,-21.970042796005714,-0.24952490848845388
35.238,-27.970042796005714,-0.3176699487522313
35.33,-92.97004279600571,-1.0559078849431538
35.489,-98.97004279600571,-1.1240529252069313
35.65,-75.97004279600571,-0.862830270862451
35.764,-93.97004279600571,-1.0672653916537833
35.841,-94.97004279600571,-1.078622898364413
35.893,-78.97004279600571,-0.8969027909943398
36.0,-79.97004279600571,-0.9082602977049693
36.104,-78.97004279600571,-0.8969027909943398
36.308,-48.970042796005714,-0.5561775896754525
36.374,-50.970042796005714,-0.5788926030967116
36.522,-25.970042796005714,-0.29495493533097217
36.613,4.029957203994286,0.04577026598791511
36.937,14.029957203994286,0.15934533309421087
36.988,14.029957203994286,0.15934533309421087
37.127,67.02995720399429,0.7612931887575785
37.188,16.029957203994286,0.18206034651547
37.2,28.029957203994286,0.31835042704302496
37.298,52.029957203994286,0.5909305880981348
37.367,43.029957203994286,0.4887130277024686
37.406,60.029957203994286,0.6817906417831714
37.515,40.029957203994286,0.45464050757057983
37.524,37.029957203994286,0.4205679874386911
37.559,24.029957203994286,0.2729204002005066
37.675,27.029957203994286,0.3069929203323954
37.751,19.029957203994286,0.21613286664735876
37.849,20.029957203994286,0.22749037335798833
37.893,-38.970042796005714,-0.44260252256915666
38.045,6.029957203994286,0.06848527940917426
38.237,-76.97004279600571,-0.8741877775730806
38.421,-79.97004279600571,-0.9082602977049693
38.797,-64.97004279600571,-0.7378976970455257
39.02,-78.97004279600571,-0.8969027909943398
39.176,-69.97004279600571,-0.7946852305986736
39.373,-75.97004279600571,-0.862830270862451
39.591,-92.97004279600571,-1.0559078849431538
39.754,-100.97004279600571,-1.1467679386281904
39.791,-100.97004279600571,-1.1467679386281904
39.808,-108.97004279600571,-1.237627992313227
39.997,-95.97004279600571,-1.0899804050750426
40.031,-97.97004279600571,-1.1126954184963016
40.052,-105.97004279600571,-1.2035554721813384
40.162,-77.97004279600571,-0.8855452842837102
40.211,-71.97004279600571,-0.8174002440199327
40.219,-79.97004279600571,-0.9082602977049693
40.294,-69.97004279600571,-0.7946852305986736
40.371,-90.97004279600571,-1.0331928715218948
40.425,-99.97004279600571,-1.1354104319175609
40.636,-106.97004279600571,-1.214912978891968
40.649,-100.97004279600571,-1.1467679386281904
40.804,-93.97004279600571,-1.0672653916537833
40.848,-72.97004279600571,-0.8287577507305622
40.86,-97.97004279600571,-1.1126954184963016
40.951,-86.97004279600571,-0.9877628446793764
41.058,-99.97004279600571,-1.1354104319175609
41.069,-85.97004279600571,-0.9764053379687467
41.11,-86.97004279600571,-0.9877628446793764
41.166,-77.97004279600571,-0.8855452842837102
41.223,-62.970042796005714,-0.7151826836242665
41.257,-54.970042796005714,-0.6243226299392299
41.265,-57.970042796005714,-0.6583951500711186
41.351,-54.970042796005714,-0.6243226299392299
41.37,-54.970042796005714,-0.6243226299392299
41.461,-52.970042796005714,-0.6016076165179708
41.687,-61.970042796005714,-0.7038251769136369
41.927,-105.97004279600571,-1.2035554721813384
42.051,-90.97004279600571,-1.0331928715218948
42.163,-103.97004279600571,-1.1808404587600791
42.296,-104.97004279600571,-1.1921979654707087
42.496,-63.970042796005714,-0.7265401903348961
42.679,-73.97004279600571,-0.8401152574411919
42.839,-48.970042796005714,-0.5561775896754525
42.884,-49.970042796005714,-0.567535096386082
43.036,-33.970042796005714,-0.3858149890160088
43.119,-37.970042796005714,-0.4312450158585271
43.345,-56.970042796005714,-0.6470376433604891
43.437,-82.97004279600571,-0.9423328178368581
43.59,-104.97004279600571,-1.1921979654707087
43.863,-108.97004279600571,-1.237627992313227
44.162,-88.97004279600571,-1.0104778581006355
44.403,-92.97004279600571,-1.0559078849431538
44.675,-50.970042796005714,-0.5788926030967116
44.989,-57.970042796005714,-0.6583951500711186
45.234,-29.970042796005714,-0.3403849621734905
45.414,-52.970042796005714,-0.6016076165179708
45.698,-32.970042796005714,-0.37445748230537923
45.877,-20.970042796005714,-0.2381674017778243
46.214,-22.970042796005714,-0.26088241519908345
46.339,-5.970042796005714,-0.06780480111838066
46.549,-20.970042796005714,-0.2381674017778243
46.745,-26.970042796005714,-0.30631244204160174
46.988,-79.97004279600571,-0.9082602977049693
47.188,-87.97004279600571,-0.9991203513900059
47.221,-78.97004279600571,-0.8969027909943398
47.471,-94.97004279600571,-1.078622898364413
47.668,-82.97004279600571,-0.9423328178368581
47.952,-66.97004279600571,-0.7606127104667848
48.173,-105.97004279600571,-1.2035554721813384
48.678,-84.97004279600571,-0.9650478312581172
48.939,-58.970042796005714,-0.6697526567817482
49.257,-55.970042796005714,-0.6356801366498595
49.488,-85.97004279600571,-0.9764053379687467
49.716,-67.97004279600571,-0.7719702171774144
49.89,-27.970042796005714,-0.3176699487522313
50.192,-49.970042796005714,-0.567535096386082
50.441,-30.970042796005714,-0.3517424688841201
50.622,-26.970042796005714,-0.30631244204160174
50.921,-9.970042796005714,-0.11323482796089897
51.144,-4.970042796005714,-0.05644729440775108
51.427,24.029957203994286,0.2729204002005066
51.621,-2.970042796005714,-0.033732280986491926
51.883,11.029957203994286,0.12527281296232215
52.12,7.029957203994286,0.07984278611980383
52.349,47.029957203994286,0.5341430545449869
52.532,23.029957203994286,0.26156289348987705
52.814,9.029957203994286,0.10255779954106299
52.989,10.029957203994286,0.11391530625169256
53.199,15.029957203994286,0.17070283980484044
53.432,-6.970042796005714,-0.07916230782901024
53.689,-81.97004279600571,-0.9309753111262284
53.872,-81.97004279600571,-0.9309753111262284
54.1,-82.97004279600571,-0.9423328178368581
54.403,-57.970042796005714,-0.6583951500711186
54.831,-43.970042796005714,-0.4993900561223046
55.085,-5.970042796005714,-0.06780480111838066
55.288,-58.970042796005714,-0.6697526567817482
55.592,-53.970042796005714,-0.6129651232286003
55.796,14.029957203994286,0.15934533309421087
55.807,-36.970042796005714,-0.4198875091478975
56.316,26.029957203994286,0.29563541362176576
56.592,30.029957203994286,0.3410654404642841
56.79,23.029957203994286,0.26156289348987705
56.843,34.029957203994286,0.3864954673068024
57.256,22.029957203994286,0.2502053867792475
57.536,-4.970042796005714,-0.05644729440775108
57.721,0.02995720399428592,0.00034023914539680147
57.993,41.029957203994286,0.46599801428120946
58.158,34.029957203994286,0.3864954673068024
58.391,-17.970042796005714,-0.2040948816459356
58.61,3.029957203994286,0.03441275927728553
58.88,-65.97004279600571,-0.7492552037561553
59.054,-77.97004279600571,-0.8855452842837102
59.366,-84.97004279600571,-0.9650478312581172
59.59,-94.97004279600571,-1.078622898364413
59.865,-76.97004279600571,-0.8741877775730806
60.049,-93.97004279600571,-1.0672653916537833
60.341,-89.97004279600571,-1.021835364811265
60.548,-94.97004279600571,-1.078622898364413
60.812,-107.97004279600571,-1.2262704856025974
60.848,-82.97004279600571,-0.9423328178368581
61.051,-87.97004279600571,-0.9991203513900059
61.647,-88.97004279600571,-1.0104778581006355
61.957,-80.97004279600571,-0.9196178044155989
62.202,-89.97004279600571,-1.021835364811265
62.556,-75.97004279600571,-0.862830270862451
62.819,-75.97004279600571,-0.862830270862451
63.203,-51.970042796005714,-0.5902501098073412
63.432,-35.970042796005714,-0.40853000243726795
63.767,-30.970042796005714,-0.3517424688841201
64.017,-85.97004279600571,-0.9764053379687467
64.35,-79.97004279600571,-0.9082602977049693
64.654,-57.970042796005714,-0.6583951500711186
64.984,-58.970042796005714,-0.6697526567817482
65.259,-62.970042796005714,-0.7151826836242665
65.615,-43.970042796005714,-0.4993900561223046
65.926,-75.97004279600571,-0.862830270862451
66.255,-58.970042796005714,-0.6697526567817482
66.489,-70.97004279600571,-0.8060427373093031
66.818,-60.970042796005714,-0.6924676702030074
67.076,-66.97004279600571,-0.7606127104667848
67.432,-48.970042796005714,-0.5561775896754525
67.732,-39.970042796005714,-0.45396002927978624
68.036,-68.97004279600571,-0.783327723888044
68.279,-63.970042796005714,-0.7265401903348961
68.684,-45.970042796005714,-0.5221050695435637
68.976,-59.970042796005714,-0.6811101634923777
69.36,-57.970042796005714,-0.6583951500711186
69.586,-69.97004279600571,-0.7946852305986736
69.933,-29.970042796005714,-0.3403849621734905
70.171,-46.970042796005714,-0.5334625762541932
70.445,-49.970042796005714,-0.567535096386082
70.633,-44.970042796005714,-0.5107475628329341
70.866,-37.970042796005714,-0.4312450158585271
71.098,-70.97004279600571,-0.8060427373093031
71.353,-88.97004279600571,-1.0104778581006355
71.611,-87.97004279600571,-0.9991203513900059
71.891,-87.97004279600571,-0.9991203513900059
72.209,-62.970042796005714,-0.7151826836242665
72.529,-66.97004279600571,-0.7606127104667848
72.854,-71.97004279600571,-0.8174002440199327
73.125,-67.97004279600571,-0.7719702171774144
73.433,-68.97004279600571,-0.783327723888044
73.685,-58.970042796005714,-0.6697526567817482
73.916,-50.970042796005714,-0.5788926030967116
74.157,-52.970042796005714,-0.6016076165179708
74.391,-42.970042796005714,-0.488032549411675
74.631,-58.970042796005714,-0.6697526567817482
74.885,-103.97004279600571,-1.1808404587600791
75.139,-104.97004279600571,-1.1921979654707087
75.425,-95.97004279600571,-1.0899804050750426
75.712,-81.97004279600571,-0.9309753111262284
75.972,-97.97004279600571,-1.1126954184963016
76.241,-53.970042796005714,-0.6129651232286003
76.529,-77.97004279600571,-0.8855452842837102
76.796,-77.97004279600571,-0.8855452842837102
77.056,-47.970042796005714,-0.5448200829648229
77.317,-44.970042796005714,-0.5107475628329341
77.594,-69.97004279600571,-0.7946852305986736
77.885,-56.970042796005714,-0.6470376433604891
78.15,-42.970042796005714,-0.488032549411675
78.366,-32.970042796005714,-0.37445748230537923
78.646,-22.970042796005714,-0.26088241519908345
78.911,-7.970042796005714,-0.09051981453963981
79.147,-4.970042796005714,-0.05644729440775108
79.398,-4.970042796005714,-0.05644729440775108
79.626,16.029957203994286,0.18206034651547
79.874,43.029957203994286,0.4887130277024686
80.104,15.029957203994286,0.17070283980484044
80.322,30.029957203994286,0.3410654404642841
80.57,29.029957203994286,0.32970793375365454
80.802,28.029957203994286,0.31835042704302496
81.076,64.02995720399429,0.7272206686256897
81.284,56.029957203994286,0.6363606149406531
81.524,75.02995720399429,0.852153242442615
81.741,51.029957203994286,0.5795730813875052
81.983,86.02995720399429,0.9770858162595404
82.212,97.02995720399429,1.1020183900764657
82.418,96.02995720399429,1.0906608833658362
82.64,102.02995720399429,1.1588059236296135
82.866,109.02995720399429,1.2383084706040206
83.067,111.02995720399429,1.2610234840252799
83.277,40.029957203994286,0.45464050757057983
83.511,-4.970042796005714,-0.05644729440775108
83.739,-34.970042796005714,-0.3971724957266384
83.972,-54.970042796005714,-0.6243226299392299
84.225,-55.970042796005714,-0.6356801366498595
84.461,-74.97004279600571,-0.8514727641518214
84.701,-69.97004279600571,-0.7946852305986736
84.949,-76.97004279600571,-0.8741877775730806
85.205,-67.97004279600571,-0.7719702171774144
85.441,-65.97004279600571,-0.7492552037561553
85.766,-90.97004279600571,-1.0331928715218948
85.946,-94.97004279600571,-1.078622898364413
86.208,-51.970042796005714,-0.5902501098073412
86.472,-90.97004279600571,-1.0331928715218948
86.726,-71.97004279600571,-0.8174002440199327
87.004,-73.97004279600571,-0.8401152574411919
87.34,-39.970042796005714,-0.45396002927978624
87.614,-12.970042796005714,-0.1473073480927877
87.901,-17.970042796005714,-0.2040948816459356
88.201,-11.970042796005714,-0.13594984138215813
88.509,-18.970042796005714,-0.21545238835656516
88.778,-25.970042796005714,-0.29495493533097217
89.061,-25.970042796005714,-0.29495493533097217
89.322,-43.970042796005714,-0.4993900561223046
89.581,-56.970042796005714,-0.6470376433604891
90.114,-74.97004279600571,-0.8514727641518214
90.4,-72.97004279600571,-0.8287577507305622
90.694,-58.970042796005714,-0.6697526567817482
90.962,-82.97004279600571,-0.9423328178368581
91.238,-87.97004279600571,-0.9991203513900059
91.552,-71.97004279600571,-0.8174002440199327
91.797,-72.97004279600571,-0.8287577507305622
92.063,-82.97004279600571,-0.9423328178368581
92.346,-82.97004279600571,-0.9423328178368581
92.612,-77.97004279600571,-0.8855452842837102
92.892,-80.97004279600571,-0.9196178044155989
93.431,-83.97004279600571,-0.9536903245474876
93.683,-77.97004279600571,-0.8855452842837102
93.941,-85.97004279600571,-0.9764053379687467
94.198,-65.97004279600571,-0.7492552037561553
94.457,-83.97004279600571,-0.9536903245474876
94.701,-66.97004279600571,-0.7606127104667848
94.963,-77.97004279600571,-0.8855452842837102
95.236,-84.97004279600571,-0.9650478312581172
95.488,-66.97004279600571,-0.7606127104667848
95.759,-55.970042796005714,-0.6356801366498595
96.021,-33.970042796005714,-0.3858149890160088
96.298,-40.970042796005714,-0.4653175359904158
96.557,-24.970042796005714,-0.2835974286203426
96.826,-18.970042796005714,-0.21545238835656516
97.085,-28.970042796005714,-0.32902745546286094
97.346,-32.970042796005714,-0.37445748230537923
97.622,-14.970042796005714,-0.17002236151404684
97.884,-13.970042796005714,-0.15866485480341727
98.145,-8.970042796005714,-0.10187732125026938
98.393,-7.970042796005714,-0.09051981453963981
98.666,4.029957203994286,0.04577026598791511
98.942,6.029957203994286,0.06848527940917426
99.223,6.029957203994286,0.06848527940917426
99.492,5.029957203994286,0.05712777269854468
99.755,10.029957203994286,0.11391530625169256
100.024,10.029957203994286,0.11391530625169256
100.329,27.029957203994286,0.3069929203323954
100.619,17.029957203994286,0.1934178532260996
100.899,27.029957203994286,0.3069929203323954
101.169,18.029957203994286,0.20477535993672918
101.431,22.029957203994286,0.2502053867792475
101.691,-8.970042796005714,-0.10187732125026938
102.022,-28.970042796005714,-0.32902745546286094
102.245,-10.970042796005714,-0.12459233467152854
102.542,-47.970042796005714,-0.5448200829648229
102.843,-49.970042796005714,-0.567535096386082
103.157,-21.970042796005714,-0.24952490848845388
103.458,-4.970042796005714,-0.05644729440775108
103.787,39.029957203994286,0.44328300085995026
104.104,53.029957203994286,0.6022880948087643
104.42,61.029957203994286,0.693148148493801
104.724,82.02995720399429,0.9316557894170221
105.034,76.02995720399429,0.8635107491532447
105.364,52.029957203994286,0.5909305880981348
105.699,98.02995720399429,1.1133758967870953
105.992,81.02995720399429,0.9202982827063925
106.276,75.02995720399429,0.852153242442615
106.548,71.02995720399429,0.8067232156000967
106.849,-36.970042796005714,-0.4198875091478975
107.157,-74.97004279600571,-0.8514727641518214
107.48,-59.970042796005714,-0.6811101634923777
107.818,-55.970042796005714,-0.6356801366498595
108.185,-44.970042796005714,-0.5107475628329341
108.577,-33.970042796005714,-0.3858149890160088
108.962,-11.970042796005714,-0.13594984138215813
109.311,-24.970042796005714,-0.2835974286203426
109.649,-10.970042796005714,-0.12459233467152854
109.993,-17.970042796005714,-0.2040948816459356
110.33,-14.970042796005714,-0.17002236151404684
110.67,-27.970042796005714,-0.3176699487522313
110.982,-23.970042796005714,-0.272239921909713
111.309,-46.970042796005714,-0.5334625762541932
111.649,-45.970042796005714,-0.5221050695435637
111.985,-63.970042796005714,-0.7265401903348961
112.311,-64.97004279600571,-0.7378976970455257
112.633,-55.970042796005714,-0.6356801366498595
112.953,-52.970042796005714,-0.6016076165179708
113.334,-68.97004279600571,-0.783327723888044
113.596,-48.970042796005714,-0.5561775896754525
113.887,-48.970042796005714,-0.5561775896754525
114.456,-46.970042796005714,-0.5334625762541932
114.729,-45.970042796005714,-0.5221050695435637
115.002,-47.970042796005714,-0.5448200829648229
115.265,-18.970042796005714,-0.21545238835656516
115.536,-23.970042796005714,-0.272239921909713
115.813,-18.970042796005714,-0.21545238835656516
116.073,-24.970042796005714,-0.2835974286203426
116.338,-15.970042796005714,-0.18137986822467642
116.599,8.029957203994286,0.09120029283043342
116.842,24.029957203994286,0.2729204002005066
117.095,13.029957203994286,0.1479878263835813
117.34,26.029957203994286,0.29563541362176576
117.816,28.029957203994286,0.31835042704302496
118.036,25.029957203994286,0.2842779069111362
118.269,59.029957203994286,0.6704331350725418
118.509,45.029957203994286,0.5114280411237278
118.744,58.029957203994286,0.6590756283619122
118.963,59.029957203994286,0.6704331350725418
119.24,71.02995720399429,0.8067232156000967
119.412,47.029957203994286,0.5341430545449869
119.629,51.029957203994286,0.5795730813875052
119.842,46.029957203994286,0.5227855478343573
120.07,56.029957203994286,0.6363606149406531
120.273,48.029957203994286,0.5455005612556165
120.497,71.02995720399429,0.8067232156000967
120.713,93.02995720399429,1.0565883632339474
120.915,78.02995720399429,0.8862257625745038
121.123,81.02995720399429,0.9202982827063925
121.334,93.02995720399429,1.0565883632339474
121.536,90.02995720399429,1.0225158431020587
121.742,83.02995720399429,0.9430132961276516
121.947,89.02995720399429,1.0111583363914292
122.161,87.02995720399429,0.9884433229701699
122.357,88.02995720399429,0.9998008296807995
122.555,79.02995720399429,0.8975832692851333
122.767,87.02995720399429,0.9884433229701699
123.003,87.02995720399429,0.9884433229701699
123.182,88.02995720399429,0.9998008296807995
123.388,95.02995720399429,1.0793033766552065
123.589,96.02995720399429,1.0906608833658362
123.8,91.02995720399429,1.0338733498126882
123.998,94.02995720399429,1.067945869944577
124.193,101.02995720399429,1.147448416918984
124.39,102.02995720399429,1.1588059236296135
124.654,112.02995720399429,1.2723809907359094
124.822,107.02995720399429,1.2155934571827616
125.021,122.02995720399429,1.3859560578422052
125.225,122.02995720399429,1.3859560578422052
125.436,127.02995720399429,1.442743591395353
125.634,136.0299572039943,1.5449611517910191
125.865,138.0299572039943,1.5676761652122784
126.059,130.0299572039943,1.4768161115272418
126.272,140.0299572039943,1.5903911786335374
126.487,120.02995720399429,1.363241044420946
126.679,131.0299572039943,1.4881736182378713
126.856,130.0299572039943,1.4768161115272418
127.03,126.02995720399429,1.4313860846847235
127.228,150.0299572039943,1.7039662457398332
127.421,157.0299572039943,1.7834687927142403
127.596,161.0299572039943,1.8288988195567586
127.637,159.0299572039943,1.8061838061354996
127.774,172.0299572039943,1.953831393373684
127.933,186.0299572039943,2.112836487322498
128.108,195.0299572039943,2.2150540477181644
128.27,184.0299572039943,2.090121473901239
128.423,202.0299572039943,2.2945565946925712
128.585,206.0299572039943,2.3399866215350897
128.75,124.02995720399429,1.4086710712634642
128.921,15.029957203994286,0.17070283980484044
129.097,17.029957203994286,0.1934178532260996
129.274,32.029957203994286,0.36378045388554325
129.445,31.029957203994286,0.3524229471749137
129.629,11.029957203994286,0.12527281296232215
129.806,-4.970042796005714,-0.05644729440775108
130.011,-7.970042796005714,-0.09051981453963981
130.233,-20.970042796005714,-0.2381674017778243
130.409,1.029957203994286,0.011697745856026377
130.64,-1.970042796005714,-0.02237477427586235
130.875,-32.970042796005714,-0.37445748230537923
131.113,-26.970042796005714,-0.30631244204160174
131.351,-25.970042796005714,-0.29495493533097217
131.624,-40.970042796005714,-0.4653175359904158
131.906,-63.970042796005714,-0.7265401903348961
132.208,-58.970042796005714,-0.6697526567817482
132.546,-57.970042796005714,-0.6583951500711186
132.876,-59.970042796005714,-0.6811101634923777
133.239,-70.97004279600571,-0.8060427373093031
133.603,-13.970042796005714,-0.15866485480341727
133.984,-91.97004279600571,-1.0445503782325243
134.389,-83.97004279600571,-0.9536903245474876
134.8,-104.97004279600571,-1.1921979654707087
135.302,-115.97004279600571,-1.317130539287634
135.803,-137.9700427960057,-1.5669956869214847
136.372,-110.97004279600571,-1.2603430057344862
136.806,-144.9700427960057,-1.6464982338958918
137.525,-124.97004279600571,-1.4193480996833003
137.819,-124.97004279600571,-1.4193480996833003
138.451,-113.97004279600571,-1.294415525866375
138.869,-151.9700427960057,-1.7260007808702988
139.405,-87.97004279600571,-0.9991203513900059
139.971,-161.9700427960057,-1.8395758479765947
140.518,-177.9700427960057,-2.021295955346668
141.075,-170.9700427960057,-1.9417934083722608
141.618,-160.9700427960057,-1.828218341265965
142.167,-151.9700427960057,-1.7260007808702988
142.777,-144.9700427960057,-1.6464982338958918
143.21,-134.9700427960057,-1.532923166789596
143.799,-118.97004279600571,-1.3512030594195228
144.302,-118.97004279600571,-1.3512030594195228
144.834,-144.9700427960057,-1.6464982338958918
145.399,-128.9700427960057,-1.4647781265258186
146.029,-117.97004279600571,-1.3398455527088933
146.433,-109.97004279600571,-1.2489854990238567
147.048,-98.97004279600571,-1.1240529252069313
147.509,-96.97004279600571,-1.101337911785672
148.034,-48.970042796005714,-0.5561775896754525
148.582,-91.97004279600571,-1.0445503782325243
149.19,-86.97004279600571,-0.9877628446793764
149.636,-78.97004279600571,-0.8969027909943398
150.126,-115.97004279600571,-1.317130539287634
150.648,-119.97004279600571,-1.3625605661301523
151.183,-87.97004279600571,-0.9991203513900059
151.715,-97.97004279600571,-1.1126954184963016
152.361,-93.97004279600571,-1.0672653916537833
152.781,-106.97004279600571,-1.214912978891968
153.338,-117.97004279600571,-1.3398455527088933
153.922,-116.97004279600571,-1.3284880459982638
154.465,-126.97004279600571,-1.4420631131045594
155.022,-134.9700427960057,-1.532923166789596
155.565,-112.97004279600571,-1.2830580191557452
156.158,-120.97004279600571,-1.373918072840782
156.783,-97.97004279600571,-1.1126954184963016
157.431,-119.97004279600571,-1.3625605661301523
157.997,-109.97004279600571,-1.2489854990238567
158.52,-112.97004279600571,-1.2830580191557452
158.998,-79.97004279600571,-0.9082602977049693
159.476,-112.97004279600571,-1.2830580191557452
160.008,-104.97004279600571,-1.1921979654707087
160.611,-109.97004279600571,-1.2489854990238567
161.339,-95.97004279600571,-1.0899804050750426
161.79,-106.97004279600571,-1.214912978891968
162.321,-77.97004279600571,-0.8855452842837102
162.846,-108.97004279600571,-1.237627992313227
163.365,-102.97004279600571,-1.1694829520494496
163.974,-126.97004279600571,-1.4420631131045594
164.549,-135.9700427960057,-1.5442806735002257
165.148,-95.97004279600571,-1.0899804050750426
165.733,-86.97004279600571,-0.9877628446793764
166.31,-70.97004279600571,-0.8060427373093031
166.907,-40.970042796005714,-0.4653175359904158
167.49,-24.970042796005714,-0.2835974286203426
168.011,-23.970042796005714,-0.272239921909713
168.492,-74.97004279600571,-0.8514727641518214
169.001,-41.970042796005714,-0.47667504270104544
169.553,-77.97004279600571,-0.8855452842837102
170.163,-71.97004279600571,-0.8174002440199327
170.766,-35.970042796005714,-0.40853000243726795
171.347,-39.970042796005714,-0.45396002927978624
172.43,-86.97004279600571,-0.9877628446793764
173.139,-63.970042796005714,-0.7265401903348961
173.633,-92.97004279600571,-1.0559078849431538
174.186,-62.970042796005714,-0.7151826836242665
174.739,-48.970042796005714,-0.5561775896754525
175.341,-53.970042796005714,-0.6129651232286003
176.029,-20.970042796005714,-0.2381674017778243
176.674,27.029957203994286,0.3069929203323954
177.251,30.029957203994286,0.3410654404642841
177.778,22.029957203994286,0.2502053867792475
178.421,-40.970042796005714,-0.4653175359904158
178.919,-36.970042796005714,-0.4198875091478975
179.577,-67.97004279600571,-0.7719702171774144
180.22,-29.970042796005714,-0.3403849621734905
181.019,-23.970042796005714,-0.272239921909713
181.564,-23.970042796005714,-0.272239921909713
182.273,8.029957203994286,0.09120029283043342
182.915,10.029957203994286,0.11391530625169256
183.716,12.029957203994286,0.13663031967295172
184.208,-5.970042796005714,-0.06780480111838066
184.855,-43.970042796005714,-0.4993900561223046
185.543,-60.970042796005714,-0.6924676702030074
186.206,-72.97004279600571,-0.8287577507305622
186.912,-82.97004279600571,-0.9423328178368581
187.416,-73.97004279600571,-0.8401152574411919
187.931,-57.970042796005714,-0.6583951500711186
188.497,-94.97004279600571,-1.078622898364413
189.023,-96.97004279600571,-1.101337911785672
189.601,-87.97004279600571,-0.9991203513900059
190.259,-49.970042796005714,-0.567535096386082
191.07,-48.970042796005714,-0.5561775896754525
191.602,-23.970042796005714,-0.272239921909713
192.1,-7.970042796005714,-0.09051981453963981
192.692,-16.970042796005714,-0.192737374935306
193.279,-26.970042796005714,-0.30631244204160174
193.915,-47.970042796005714,-0.5448200829648229
194.5,-31.970042796005714,-0.36309997559474966
195.063,10.029957203994286,0.11391530625169256
195.605,14.029957203994286,0.15934533309421087
196.104,28.029957203994286,0.31835042704302496
196.616,44.029957203994286,0.5000705344130981
197.115,69.02995720399429,0.7840082021788376
197.582,59.029957203994286,0.6704331350725418
198.036,78.02995720399429,0.8862257625745038
198.465,89.02995720399429,1.0111583363914292
198.904,148.0299572039943,1.6812512323185742
199.35,107.02995720399429,1.2155934571827616
200.348,19.029957203994286,0.21613286664735876
200.741,10.029957203994286,0.11391530625169256
201.294,19.029957203994286,0.21613286664735876
201.659,21.029957203994286,0.2388478800686179
202.163,-53.970042796005714,-0.6129651232286003
202.676,-30.970042796005714,-0.3517424688841201
203.252,-83.97004279600571,-0.9536903245474876
203.797,-26.970042796005714,-0.30631244204160174
204.351,-57.970042796005714,-0.6583951500711186
204.886,-31.970042796005714,-0.36309997559474966
205.376,-29.970042796005714,-0.3403849621734905
205.882,-13.970042796005714,-0.15866485480341727
206.351,-32.970042796005714,-0.37445748230537923
206.852,-20.970042796005714,-0.2381674017778243
207.34,-6.970042796005714,-0.07916230782901024
207.786,-15.970042796005714,-0.18137986822467642
208.353,-4.970042796005714,-0.05644729440775108
208.713,-8.970042796005714,-0.10187732125026938
209.153,12.029957203994286,0.13663031967295172
209.613,28.029957203994286,0.31835042704302496
210.053,45.029957203994286,0.5114280411237278
210.478,38.029957203994286,0.4319254941493207
210.904,59.029957203994286,0.6704331350725418
211.35,73.02995720399429,0.8294382290213559
211.802,57.029957203994286,0.6477181216512826
212.261,63.029957203994286,0.7158631619150602
212.692,66.02995720399429,0.7499356820469488
213.129,53.029957203994286,0.6022880948087643
213.588,54.029957203994286,0.613645601519394
214.052,71.02995720399429,0.8067232156000967
214.519,41.029957203994286,0.46599801428120946
214.965,49.029957203994286,0.556858067966246
215.431,-13.970042796005714,-0.15866485480341727
215.915,-62.970042796005714,-0.7151826836242665
216.402,-39.970042796005714,-0.45396002927978624
216.94,-65.97004279600571,-0.7492552037561553
217.166,-76.97004279600571,-0.8741877775730806
217.406,-67.97004279600571,-0.7719702171774144
217.642,-74.97004279600571,-0.8514727641518214
217.767,-66.97004279600571,-0.7606127104667848
218.168,-59.970042796005714,-0.6811101634923777
218.425,-24.970042796005714,-0.2835974286203426
218.683,-58.970042796005714,-0.6697526567817482
218.948,-50.970042796005714,-0.5788926030967116
219.216,-30.970042796005714,-0.3517424688841201
219.493,-11.970042796005714,-0.13594984138215813
219.775,18.029957203994286,0.20477535993672918
220.065,-42.970042796005714,-0.488032549411675
220.376,-35.970042796005714,-0.40853000243726795
220.679,-28.970042796005714,-0.32902745546286094
220.988,-31.970042796005714,-0.36309997559474966
221.324,-18.970042796005714,-0.21545238835656516
221.644,-24.970042796005714,-0.2835974286203426
221.985,-15.970042796005714,-0.18137986822467642
222.288,8.029957203994286,0.09120029283043342
222.579,-0.9700427960057141,-0.011017267565232775
222.929,23.029957203994286,0.26156289348987705
223.266,-30.970042796005714,-0.3517424688841201
223.602,-55.970042796005714,-0.6356801366498595
223.868,-15.970042796005714,-0.18137986822467642
224.332,-43.970042796005714,-0.4993900561223046
224.687,-23.970042796005714,-0.272239921909713
224.9,-3.970042796005714,-0.045089787697121506
225.906,36.029957203994286,0.40921048072806154
226.256,12.029957203994286,0.13663031967295172
226.537,27.029957203994286,0.3069929203323954
226.713,27.029957203994286,0.3069929203323954
227.185,-16.970042796005714,-0.192737374935306
227.532,-15.970042796005714,-0.18137986822467642
227.888,-28.970042796005714,-0.32902745546286094
228.247,-2.970042796005714,-0.033732280986491926
228.592,-29.970042796005714,-0.3403849621734905
228.942,-48.970042796005714,-0.5561775896754525
229.261,-46.970042796005714,-0.5334625762541932
229.421,-55.970042796005714,-0.6356801366498595
229.877,-45.970042796005714,-0.5221050695435637
230.181,-13.970042796005714,-0.15866485480341727
230.522,-63.970042796005714,-0.7265401903348961
230.864,-102.97004279600571,-1.1694829520494496
231.21,-90.97004279600571,-1.0331928715218948
231.405,-88.97004279600571,-1.0104778581006355
231.844,-90.97004279600571,-1.0331928715218948
232.135,-86.97004279600571,-0.9877628446793764
232.434,-79.97004279600571,-0.9082602977049693
232.761,-85.97004279600571,-0.9764053379687467
233.053,-100.97004279600571,-1.1467679386281904
233.327,-90.97004279600571,-1.0331928715218948
233.593,-62.970042796005714,-0.7151826836242665
233.874,-89.97004279600571,-1.021835364811265
234.149,-93.97004279600571,-1.0672653916537833
234.431,-86.97004279600571,-0.9877628446793764
234.681,-66.97004279600571,-0.7606127104667848
234.937,-0.9700427960057141,-0.011017267565232775
235.078,-57.970042796005714,-0.6583951500711186
235.427,-41.970042796005714,-0.47667504270104544
235.692,-20.970042796005714,-0.2381674017778243
235.92,-11.970042796005714,-0.13594984138215813
236.101,-38.970042796005714,-0.44260252256915666
236.39,-7.970042796005714,-0.09051981453963981
236.611,-1.970042796005714,-0.02237477427586235
236.862,9.029957203994286,0.10255779954106299
236.992,34.029957203994286,0.3864954673068024
237.108,23.029957203994286,0.26156289348987705
237.309,25.029957203994286,0.2842779069111362
237.432,28.029957203994286,0.31835042704302496
237.765,19.029957203994286,0.21613286664735876
237.874,45.029957203994286,0.5114280411237278
237.981,37.029957203994286,0.4205679874386911
238.109,34.029957203994286,0.3864954673068024
238.318,46.029957203994286,0.5227855478343573
238.415,30.029957203994286,0.3410654404642841
238.641,29.029957203994286,0.32970793375365454
238.754,68.02995720399429,0.772650695468208
238.848,29.029957203994286,0.32970793375365454
238.948,39.029957203994286,0.44328300085995026
239.049,45.029957203994286,0.5114280411237278
239.154,59.029957203994286,0.6704331350725418
239.268,44.029957203994286,0.5000705344130981
239.49,46.029957203994286,0.5227855478343573
239.574,57.029957203994286,0.6477181216512826
239.661,42.029957203994286,0.47735552099183903
239.835,74.02995720399429,0.8407957357319854
239.934,77.02995720399429,0.8748682558638742
240.027,72.02995720399429,0.8180807223107263
240.213,81.02995720399429,0.9202982827063925
240.303,86.02995720399429,0.9770858162595404
240.391,79.02995720399429,0.8975832692851333
240.579,89.02995720399429,1.0111583363914292
240.671,96.02995720399429,1.0906608833658362
240.761,96.02995720399429,1.0906608833658362
240.937,91.02995720399429,1.0338733498126882
241.025,107.02995720399429,1.2155934571827616
241.104,103.02995720399429,1.1701634303402433
241.279,121.02995720399429,1.3745985511315755
241.378,141.0299572039943,1.6017486853441671
241.617,128.0299572039943,1.4541010981059825
241.69,147.0299572039943,1.6698937256079445
241.754,133.0299572039943,1.5108886316591306
241.907,153.0299572039943,1.738038765871722
241.977,176.0299572039943,1.9992614202162022
242.046,160.0299572039943,1.817541312846129
242.198,74.02995720399429,0.8407957357319854
242.278,3.029957203994286,0.03441275927728553
242.356,19.029957203994286,0.21613286664735876
242.51,1.029957203994286,0.011697745856026377
242.597,-4.970042796005714,-0.05644729440775108
242.673,-0.9700427960057141,-0.011017267565232775
242.833,5.029957203994286,0.05712777269854468
242.923,22.029957203994286,0.2502053867792475
243.346,18.029957203994286,0.20477535993672918
243.438,38.029957203994286,0.4319254941493207
243.706,26.029957203994286,0.29563541362176576
243.922,21.029957203994286,0.2388478800686179
244.155,8.029957203994286,0.09120029283043342
244.385,8.029957203994286,0.09120029283043342
244.61,3.029957203994286,0.03441275927728553
244.85,-0.9700427960057141,-0.011017267565232775
245.08,-17.970042796005714,-0.2040948816459356
245.222,-16.970042796005714,-0.192737374935306
245.595,-25.970042796005714,-0.29495493533097217
245.884,-44.970042796005714,-0.5107475628329341
246.193,-33.970042796005714,-0.3858149890160088
246.532,-6.970042796005714,-0.07916230782901024
246.884,-11.970042796005714,-0.13594984138215813
247.073,25.029957203994286,0.2842779069111362
247.563,5.029957203994286,0.05712777269854468
247.861,5.029957203994286,0.05712777269854468
248.038,20.029957203994286,0.22749037335798833
248.528,-46.970042796005714,-0.5334625762541932
248.851,-53.970042796005714,-0.6129651232286003
249.179,-111.97004279600571,-1.2717005124451157
249.546,-109.97004279600571,-1.2489854990238567
249.907,-106.97004279600571,-1.214912978891968
250.261,-111.97004279600571,-1.2717005124451157
250.62,-87.97004279600571,-0.9991203513900059
251.732,-118.97004279600571,-1.3512030594195228
252.157,-124.97004279600571,-1.4193480996833003
252.542,-123.97004279600571,-1.4079905929726706
252.93,-118.97004279600571,-1.3512030594195228
253.301,-121.97004279600571,-1.3852755795514116
253.688,-93.97004279600571,-1.0672653916537833
253.909,-92.97004279600571,-1.0559078849431538
254.442,-99.97004279600571,-1.1354104319175609
254.787,-114.97004279600571,-1.3057730325770045
255.154,-77.97004279600571,-0.8855452842837102
255.547,-97.97004279600571,-1.1126954184963016
255.966,-71.97004279600571,-0.8174002440199327
256.3,-44.970042796005714,-0.5107475628329341
256.693,-53.970042796005714,-0.6129651232286003
257.078,-36.970042796005714,-0.4198875091478975
257.44,-54.970042796005714,-0.6243226299392299
257.622,-69.97004279600571,-0.7946852305986736
258.163,-26.970042796005714,-0.30631244204160174
258.512,-9.970042796005714,-0.11323482796089897
258.891,-23.970042796005714,-0.272239921909713
259.279,-89.97004279600571,-1.021835364811265
259.671,-46.970042796005714,-0.5334625762541932
260.017,-68.97004279600571,-0.783327723888044
260.406,-85.97004279600571,-0.9764053379687467
260.799,-63.970042796005714,-0.7265401903348961
261.157,-67.97004279600571,-0.7719702171774144
261.559,-95.97004279600571,-1.0899804050750426
261.948,-76.97004279600571,-0.8741877775730806
262.337,-39.970042796005714,-0.45396002927978624
262.745,-37.970042796005714,-0.4312450158585271
263.141,-10.970042796005714,-0.12459233467152854
263.462,-57.970042796005714,-0.6583951500711186
263.843,-105.97004279600571,-1.2035554721813384
264.223,-102.97004279600571,-1.1694829520494496
264.595,-121.97004279600571,-1.3852755795514116
264.978,-104.97004279600571,-1.1921979654707087
265.369,-107.97004279600571,-1.2262704856025974
265.793,-97.97004279600571,-1.1126954184963016
266.23,-102.97004279600571,-1.1694829520494496
266.629,-135.9700427960057,-1.5442806735002257
267.068,-94.97004279600571,-1.078622898364413
267.517,-105.97004279600571,-1.2035554721813384
267.955,-101.97004279600571,-1.15812544533882
268.396,-65.97004279600571,-0.7492552037561553
268.848,-96.97004279600571,-1.101337911785672
269.298,-65.97004279600571,-0.7492552037561553
269.543,-80.97004279600571,-0.9196178044155989
270.202,-59.970042796005714,-0.6811101634923777
270.648,-78.97004279600571,-0.8969027909943398
271.117,-61.970042796005714,-0.7038251769136369
271.607,-66.97004279600571,-0.7606127104667848
271.832,-74.97004279600571,-0.8514727641518214
272.512,-49.970042796005714,-0.567535096386082
272.783,-68.97004279600571,-0.783327723888044
273.503,-36.970042796005714,-0.4198875091478975
273.948,-52.970042796005714,-0.6016076165179708
274.416,-56.970042796005714,-0.6470376433604891
274.884,-44.970042796005714,-0.5107475628329341
275.358,-64.97004279600571,-0.7378976970455257
275.824,-40.970042796005714,-0.4653175359904158
276.27,-15.970042796005714,-0.18137986822467642
276.674,-52.970042796005714,-0.6016076165179708
277.101,-67.97004279600571,-0.7719702171774144
277.549,-39.970042796005714,-0.45396002927978624
277.795,-53.970042796005714,-0.6129651232286003
278.456,-91.97004279600571,-1.0445503782325243
278.71,-81.97004279600571,-0.9309753111262284
279.313,-99.97004279600571,-1.1354104319175609
279.768,-56.970042796005714,-0.6470376433604891
280.147,-64.97004279600571,-0.7378976970455257
280.346,-46.970042796005714,-0.5334625762541932
280.893,-57.970042796005714,-0.6583951500711186
281.302,-71.97004279600571,-0.8174002440199327
281.732,-62.970042796005714,-0.7151826836242665
282.121,-51.970042796005714,-0.5902501098073412
282.511,-94.97004279600571,-1.078622898364413
282.891,-66.97004279600571,-0.7606127104667848
283.253,-48.970042796005714,-0.5561775896754525
283.611,-20.970042796005714,-0.2381674017778243
283.986,-10.970042796005714,-0.12459233467152854
284.366,-54.970042796005714,-0.6243226299392299
284.733,-42.970042796005714,-0.488032549411675
285.07,-62.970042796005714,-0.7151826836242665
285.431,-49.970042796005714,-0.567535096386082
285.789,-33.970042796005714,-0.3858149890160088
286.136,-24.970042796005714,-0.2835974286203426
286.495,-19.970042796005714,-0.22680989506719473
286.838,-12.970042796005714,-0.1473073480927877
287.159,0.02995720399428592,0.00034023914539680147
287.495,9.029957203994286,0.10255779954106299
287.827,-5.970042796005714,-0.06780480111838066
288.126,1.029957203994286,0.011697745856026377
288.482,-8.970042796005714,-0.10187732125026938
288.833,12.029957203994286,0.13663031967295172
289.191,10.029957203994286,0.11391530625169256
289.525,11.029957203994286,0.12527281296232215
289.851,27.029957203994286,0.3069929203323954
290.168,4.029957203994286,0.04577026598791511
291.229,-65.97004279600571,-0.7492552037561553
291.633,-60.970042796005714,-0.6924676702030074
292.029,-71.97004279600571,-0.8174002440199327
292.388,-66.97004279600571,-0.7606127104667848
292.768,-75.97004279600571,-0.862830270862451
292.959,-65.97004279600571,-0.7492552037561553
293.626,-37.970042796005714,-0.4312450158585271
293.866,1.029957203994286,0.011697745856026377
294.534,-30.970042796005714,-0.3517424688841201
294.795,-18.970042796005714,-0.21545238835656516
295.458,32.029957203994286,0.36378045388554325
295.665,44.029957203994286,0.5000705344130981
296.258,67.02995720399429,0.7612931887575785
296.466,4.029957203994286,0.04577026598791511
297.06,-31.970042796005714,-0.36309997559474966
297.265,-14.970042796005714,-0.17002236151404684
297.945,-52.970042796005714,-0.6016076165179708
298.185,-28.970042796005714,-0.32902745546286094
298.893,-0.9700427960057141,-0.011017267565232775
299.091,-1.970042796005714,-0.02237477427586235
299.738,-23.970042796005714,-0.272239921909713
300.122,-1.970042796005714,-0.02237477427586235
300.322,0.02995720399428592,0.00034023914539680147
300.921,-60.970042796005714,-0.6924676702030074
301.142,-32.970042796005714,-0.37445748230537923
301.824,-66.97004279600571,-0.7606127104667848
302.056,-66.97004279600571,-0.7606127104667848
302.617,-63.970042796005714,-0.7265401903348961
302.848,-57.970042796005714,-0.6583951500711186
303.432,-53.970042796005714,-0.6129651232286003
303.637,-42.970042796005714,-0.488032549411675
304.262,-28.970042796005714,-0.32902745546286094
304.472,-29.970042796005714,-0.3403849621734905
305.047,-21.970042796005714,-0.24952490848845388
305.237,-14.970042796005714,-0.17002236151404684
305.802,-68.97004279600571,-0.783327723888044
306.004,-70.97004279600571,-0.8060427373093031
306.638,-60.970042796005714,-0.6924676702030074
306.869,-34.970042796005714,-0.3971724957266384
307.556,-60.970042796005714,-0.6924676702030074
307.795,-53.970042796005714,-0.6129651232286003
308.45,-41.970042796005714,-0.47667504270104544
308.67,-10.970042796005714,-0.12459233467152854
309.322,-52.970042796005714,-0.6016076165179708
309.56,-59.970042796005714,-0.6811101634923777
310.196,-58.970042796005714,-0.6697526567817482
310.433,-26.970042796005714,-0.30631244204160174
311.027,-49.970042796005714,-0.567535096386082
311.233,-2.970042796005714,-0.033732280986491926
311.862,-4.970042796005714,-0.05644729440775108
312.051,-3.970042796005714,-0.045089787697121506
312.673,2.029957203994286,0.023055252566655953
312.87,20.029957203994286,0.22749037335798833
313.386,28.029957203994286,0.31835042704302496
313.551,48.029957203994286,0.5455005612556165
314.11,33.029957203994286,0.3751379605961728
314.298,114.02995720399429,1.2950960041571684
314.855,98.02995720399429,1.1133758967870953
315.045,86.02995720399429,0.9770858162595404
315.565,78.02995720399429,0.8862257625745038
315.763,115.02995720399429,1.3064535108677982
316.289,87.02995720399429,0.9884433229701699
316.472,-4.970042796005714,-0.05644729440775108
317.027,-54.970042796005714,-0.6243226299392299
317.23,-60.970042796005714,-0.6924676702030074
317.801,-74.97004279600571,-0.8514727641518214
318.009,-39.970042796005714,-0.45396002927978624
318.62,-38.970042796005714,-0.44260252256915666
318.837,-40.970042796005714,-0.4653175359904158
319.461,-41.970042796005714,-0.47667504270104544
319.665,-39.970042796005714,-0.45396002927978624
320.268,-21.970042796005714,-0.24952490848845388
320.472,-16.970042796005714,-0.192737374935306
321.023,1.029957203994286,0.011697745856026377
321.214,9.029957203994286,0.10255779954106299
321.731,-0.9700427960057141,-0.011017267565232775
321.91,8.029957203994286,0.09120029283043342
322.406,-0.9700427960057141,-0.011017267565232775
322.576,13.029957203994286,0.1479878263835813
323.064,24.029957203994286,0.2729204002005066
323.228,37.029957203994286,0.4205679874386911
323.672,73.02995720399429,0.8294382290213559
323.813,48.029957203994286,0.5455005612556165
324.241,60.029957203994286,0.6817906417831714
324.409,70.02995720399429,0.7953657088894671
324.841,92.02995720399429,1.045230856523318
324.997,97.02995720399429,1.1020183900764657
325.417,106.02995720399429,1.2042359504721318
325.555,124.02995720399429,1.4086710712634642
325.95,113.02995720399429,1.283738497446539
326.098,115.02995720399429,1.3064535108677982
326.487,91.02995720399429,1.0338733498126882
326.623,114.02995720399429,1.2950960041571684
327.027,124.02995720399429,1.4086710712634642
327.169,134.0299572039943,1.52224613836976
327.563,122.02995720399429,1.3859560578422052
327.701,142.0299572039943,1.6131061920547967
328.082,137.0299572039943,1.5563186585016489
328.742,149.0299572039943,1.6926087390292037
329.179,116.02995720399429,1.3178110175784277
329.326,138.0299572039943,1.5676761652122784
329.727,123.02995720399429,1.3973135645528347
329.87,143.0299572039943,1.6244636987654262
330.242,101.02995720399429,1.147448416918984
330.381,117.02995720399429,1.3291685242890572
330.755,95.02995720399429,1.0793033766552065
330.9,117.02995720399429,1.3291685242890572
331.288,116.02995720399429,1.3178110175784277
331.425,129.0299572039943,1.4654586048166123
331.782,153.0299572039943,1.738038765871722
332.04,201.0299572039943,2.2831990879819415
332.149,206.0299572039943,2.3399866215350897
332.457,218.0299572039943,2.4762767020626444
332.576,256.0299572039943,2.9078619570665682
332.875,278.0299572039943,3.157727104700419
332.988,277.0299572039943,3.1463695979897897
333.284,79.02995720399429,0.8975832692851333
333.504,70.02995720399429,0.7953657088894671
333.718,84.02995720399429,0.9543708028382812
333.839,87.02995720399429,0.9884433229701699
334.144,111.02995720399429,1.2610234840252799
334.286,132.0299572039943,1.4995311249485008
334.637,61.029957203994286,0.693148148493801
334.778,77.02995720399429,0.8748682558638742
335.162,50.029957203994286,0.5682155746768757
335.31,46.029957203994286,0.5227855478343573
335.748,17.029957203994286,0.1934178532260996
335.946,11.029957203994286,0.12527281296232215
336.443,-23.970042796005714,-0.272239921909713
336.652,-15.970042796005714,-0.18137986822467642
337.187,-33.970042796005714,-0.3858149890160088
337.414,-33.970042796005714,-0.3858149890160088
338.101,-66.97004279600571,-0.7606127104667848
338.565,-74.97004279600571,-0.8514727641518214
338.607,-74.97004279600571,-0.8514727641518214
339.122,-54.970042796005714,-0.6243226299392299
339.397,-59.970042796005714,-0.6811101634923777
340.21,-70.97004279600571,-0.8060427373093031
340.526,-80.97004279600571,-0.9196178044155989
341.491,-124.97004279600571,-1.4193480996833003
341.84,-125.97004279600571,-1.4307056063939299
342.836,-149.9700427960057,-1.7032857674490396
343.421,-153.9700427960057,-1.7487157942915579
344.111,-144.9700427960057,-1.6464982338958918
344.483,-151.9700427960057,-1.7260007808702988
345.351,-145.9700427960057,-1.6578557406065213
345.679,-130.9700427960057,-1.4874931399470777
346.608,-128.9700427960057,-1.4647781265258186
347.204,-102.97004279600571,-1.1694829520494496
347.852,-116.97004279600571,-1.3284880459982638
348.173,-98.97004279600571,-1.1240529252069313
349.046,-60.970042796005714,-0.6924676702030074
349.346,-112.97004279600571,-1.2830580191557452
350.169,-127.97004279600571,-1.4534206198151889
350.456,-117.97004279600571,-1.3398455527088933
351.426,-105.97004279600571,-1.2035554721813384
351.759,-116.97004279600571,-1.3284880459982638
352.646,-122.97004279600571,-1.396633086262041
353.222,-114.97004279600571,-1.3057730325770045
353.844,-124.97004279600571,-1.4193480996833003
354.536,-113.97004279600571,-1.294415525866375
355.205,-116.97004279600571,-1.3284880459982638
355.842,-115.97004279600571,-1.317130539287634
356.504,-99.97004279600571,-1.1354104319175609
357.194,-84.97004279600571,-0.9650478312581172
357.857,-88.97004279600571,-1.0104778581006355
358.574,-102.97004279600571,-1.1694829520494496
359.202,-101.97004279600571,-1.15812544533882
359.863,-63.970042796005714,-0.7265401903348961
360.513,-104.97004279600571,-1.1921979654707087
361.222,-99.97004279600571,-1.1354104319175609
361.842,-53.970042796005714,-0.6129651232286003
362.441,-86.97004279600571,-0.9877628446793764
363.043,-32.970042796005714,-0.37445748230537923
363.649,-106.97004279600571,-1.214912978891968
364.269,-70.97004279600571,-0.8060427373093031
364.942,-103.97004279600571,-1.1808404587600791
365.577,-59.970042796005714,-0.6811101634923777
366.206,-103.97004279600571,-1.1808404587600791
366.85,-116.97004279600571,-1.3284880459982638
367.431,-59.970042796005714,-0.6811101634923777
368.074,-97.97004279600571,-1.1126954184963016
368.738,-97.97004279600571,-1.1126954184963016
369.324,-75.97004279600571,-0.862830270862451
369.917,-1.970042796005714,-0.02237477427586235
370.497,-11.970042796005714,-0.13594984138215813
371.134,-28.970042796005714,-0.32902745546286094
371.763,-17.970042796005714,-0.2040948816459356
372.328,3.029957203994286,0.03441275927728553
372.893,20.029957203994286,0.22749037335798833
373.467,-68.97004279600571,-0.783327723888044
374.092,-74.97004279600571,-0.8514727641518214
374.785,-93.97004279600571,-1.0672653916537833
375.451,-93.97004279600571,-1.0672653916537833
376.106,-86.97004279600571,-0.9877628446793764
376.706,-74.97004279600571,-0.8514727641518214
377.33,-77.97004279600571,-0.8855452842837102
379.119,-25.970042796005714,-0.29495493533097217
379.707,-34.970042796005714,-0.3971724957266384
380.256,28.029957203994286,0.31835042704302496
380.863,24.029957203994286,0.2729204002005066
381.423,28.029957203994286,0.31835042704302496
381.955,81.02995720399429,0.9202982827063925
382.547,67.02995720399429,0.7612931887575785
383.125,-37.970042796005714,-0.4312450158585271
383.713,16.029957203994286,0.18206034651547
384.291,41.029957203994286,0.46599801428120946
384.857,33.029957203994286,0.3751379605961728
385.452,57.029957203994286,0.6477181216512826
386.03,74.02995720399429,0.8407957357319854
386.615,117.02995720399429,1.3291685242890572
387.178,11.029957203994286,0.12527281296232215
387.768,-56.970042796005714,-0.6470376433604891
388.422,-67.97004279600571,-0.7719702171774144
389.115,-47.970042796005714,-0.5448200829648229
389.771,48.029957203994286,0.5455005612556165
390.39,5.029957203994286,0.05712777269854468
390.975,-13.970042796005714,-0.15866485480341727
391.532,-31.970042796005714,-0.36309997559474966
392.145,-30.970042796005714,-0.3517424688841201
392.666,-21.970042796005714,-0.24952490848845388
393.193,-34.970042796005714,-0.3971724957266384
393.699,42.029957203994286,0.47735552099183903
394.196,30.029957203994286,0.3410654404642841
394.677,74.02995720399429,0.8407957357319854
395.128,65.02995720399429,0.7385781753363193
395.554,83.02995720399429,0.9430132961276516
396.057,74.02995720399429,0.8407957357319854
396.524,82.02995720399429,0.9316557894170221
396.914,70.02995720399429,0.7953657088894671
397.339,85.02995720399429,0.9657283095489108
397.761,80.02995720399429,0.908940775995763
398.175,92.02995720399429,1.045230856523318
398.595,88.02995720399429,0.9998008296807995
399.02,73.02995720399429,0.8294382290213559
399.415,60.029957203994286,0.6817906417831714
399.808,87.02995720399429,0.9884433229701699
400.204,87.02995720399429,0.9884433229701699
400.592,142.0299572039943,1.6131061920547967
400.979,108.02995720399429,1.226950963893391
401.336,107.02995720399429,1.2155934571827616
401.709,113.02995720399429,1.283738497446539
402.09,126.02995720399429,1.4313860846847235
402.455,122.02995720399429,1.3859560578422052
402.816,120.02995720399429,1.363241044420946
403.179,133.0299572039943,1.5108886316591306
403.552,161.0299572039943,1.8288988195567586
403.901,144.0299572039943,1.635821205476056
404.254,154.0299572039943,1.7493962725823515
404.665,141.0299572039943,1.6017486853441671
405.009,143.0299572039943,1.6244636987654262
405.368,139.0299572039943,1.5790336719229079
405.728,180.0299572039943,2.0446914470587205
406.069,188.0299572039943,2.135551500743757
406.453,152.0299572039943,1.7266812591610925
406.823,171.0299572039943,1.9424738866630544
407.172,216.0299572039943,2.4535616886413854
407.544,190.0299572039943,2.158266514165016
407.909,161.0299572039943,1.8288988195567586
408.31,175.0299572039943,1.9879039135055727
408.69,191.0299572039943,2.169624020875646
409.065,194.0299572039943,2.2036965410075346
409.474,179.0299572039943,2.033333940348091
409.87,190.0299572039943,2.158266514165016
410.307,193.0299572039943,2.192339034296905
410.739,181.0299572039943,2.0560489537693503
411.171,174.0299572039943,1.9765464067949432
411.611,180.0299572039943,2.0446914470587205
412.062,192.0299572039943,2.1809815275862756
412.582,139.0299572039943,1.5790336719229079
413.067,136.0299572039943,1.5449611517910191
413.561,170.0299572039943,1.931116379952425
414.032,176.0299572039943,1.9992614202162022
414.576,157.0299572039943,1.7834687927142403
415.082,118.02995720399429,1.340526030999687
415.568,119.02995720399429,1.3518835377103164
415.785,100.02995720399429,1.1360909102083545
416.037,103.02995720399429,1.1701634303402433
416.26,110.02995720399429,1.2496659773146501
416.571,113.02995720399429,1.283738497446539
417.082,114.02995720399429,1.2950960041571684
417.257,151.0299572039943,1.7153237524504628
417.568,127.02995720399429,1.442743591395353
417.763,148.0299572039943,1.6812512323185742
418.105,115.02995720399429,1.3064535108677982
418.316,138.0299572039943,1.5676761652122784
418.622,140.0299572039943,1.5903911786335374
418.89,135.0299572039943,1.5336036450803896
419.366,145.0299572039943,1.6471787121866854
419.675,167.0299572039943,1.8970438598205361
419.876,154.0299572039943,1.7493962725823515
420.241,175.0299572039943,1.9879039135055727
420.446,158.0299572039943,1.7948262994248698
420.742,179.0299572039943,2.033333940348091
421.356,183.0299572039943,2.0787639671906093
421.565,164.0299572039943,1.8629713396886474
421.981,169.0299572039943,1.9197588732417952
422.157,152.0299572039943,1.7266812591610925
422.546,169.0299572039943,1.9197588732417952
423.019,140.0299572039943,1.5903911786335374
423.351,129.0299572039943,1.4654586048166123
423.826,102.02995720399429,1.1588059236296135
424.216,78.02995720399429,0.8862257625745038
424.408,84.02995720399429,0.9543708028382812
424.716,98.02995720399429,1.1133758967870953
424.884,85.02995720399429,0.9657283095489108
424.967,64.02995720399429,0.7272206686256897
425.174,-21.970042796005714,-0.24952490848845388
425.229,-16.970042796005714,-0.192737374935306
425.613,-11.970042796005714,-0.13594984138215813
426.027,-62.970042796005714,-0.7151826836242665
426.397,-56.970042796005714,-0.6470376433604891
426.613,-60.970042796005714,-0.6924676702030074
427.082,-54.970042796005714,-0.6243226299392299
427.385,-107.97004279600571,-1.2262704856025974
427.851,-101.97004279600571,-1.15812544533882
428.779,-47.970042796005714,-0.5448200829648229
429.133,-113.97004279600571,-1.294415525866375
429.789,-137.9700427960057,-1.5669956869214847
430.033,-139.9700427960057,-1.589710700342744
430.798,-134.9700427960057,-1.532923166789596
431.194,-125.97004279600571,-1.4307056063939299
431.914,-130.9700427960057,-1.4874931399470777
433.07,-127.97004279600571,-1.4534206198151889
434.102,-138.9700427960057,-1.5783531936321142
435.315,-138.9700427960057,-1.5783531936321142
436.463,-134.9700427960057,-1.532923166789596
437.658,-124.97004279600571,-1.4193480996833003
438.431,-127.97004279600571,-1.4534206198151889
440.096,-114.97004279600571,-1.3057730325770045
440.67,-119.97004279600571,-1.3625605661301523
441.876,-81.97004279600571,-0.9309753111262284
443.067,-80.97004279600571,-0.9196178044155989
443.533,-80.97004279600571,-0.9196178044155989
444.186,-28.970042796005714,-0.32902745546286094
444.582,-92.97004279600571,-1.0559078849431538
445.223,-110.97004279600571,-1.2603430057344862
445.762,-67.97004279600571,-0.7719702171774144
446.579,-45.970042796005714,-0.5221050695435637
446.931,-13.970042796005714,-0.15866485480341727
447.614,-92.97004279600571,-1.0559078849431538
448.688,-130.9700427960057,-1.4874931399470777
449.912,-138.9700427960057,-1.5783531936321142
451.101,-135.9700427960057,-1.5442806735002257
452.199,-116.97004279600571,-1.3284880459982638
453.424,-93.97004279600571,-1.0672653916537833
453.892,-33.970042796005714,-0.3858149890160088
454.686,-51.970042796005714,-0.5902501098073412
455.24,-85.97004279600571,-0.9764053379687467
456.011,-107.97004279600571,-1.2262704856025974
457.424,-111.97004279600571,-1.2717005124451157
458.891,-121.97004279600571,-1.3852755795514116
460.16,-110.97004279600571,-1.2603430057344862
460.717,-95.97004279600571,-1.0899804050750426
461.547,1.029957203994286,0.011697745856026377
462.09,-56.970042796005714,-0.6470376433604891
462.847,-28.970042796005714,-0.32902745546286094
464.25,-71.97004279600571,-0.8174002440199327
465.669,-77.97004279600571,-0.8855452842837102
467.07,-28.970042796005714,-0.32902745546286094
467.677,-28.970042796005714,-0.32902745546286094
468.38,-89.97004279600571,-1.021835364811265
469.423,-76.97004279600571,-0.8741877775730806
470.473,-37.970042796005714,-0.4312450158585271
471.612,-37.970042796005714,-0.4312450158585271
472.626,-79.97004279600571,-0.9082602977049693
473.674,-63.970042796005714,-0.7265401903348961
474.732,-44.970042796005714,-0.5107475628329341
475.784,-15.970042796005714,-0.18137986822467642
476.772,-2.970042796005714,-0.033732280986491926
477.675,8.029957203994286,0.09120029283043342
478.702,-23.970042796005714,-0.272239921909713
479.71,11.029957203994286,0.12527281296232215
480.085,-15.970042796005714,-0.18137986822467642
480.637,-27.970042796005714,-0.3176699487522313
481.552,-15.970042796005714,-0.18137986822467642
482.408,-12.970042796005714,-0.1473073480927877
483.277,-3.970042796005714,-0.045089787697121506
484.106,24.029957203994286,0.2729204002005066
484.92,23.029957203994286,0.26156289348987705
485.717,49.029957203994286,0.556858067966246
486.455,63.029957203994286,0.7158631619150602
487.22,63.029957203994286,0.7158631619150602
487.933,95.02995720399429,1.0793033766552065
488.643,104.02995720399429,1.1815209370508728
489.384,68.02995720399429,0.772650695468208
490.115,38.029957203994286,0.4319254941493207
490.83,64.02995720399429,0.7272206686256897
491.606,14.029957203994286,0.15934533309421087
492.388,-18.970042796005714,-0.21545238835656516
493.162,-19.970042796005714,-0.22680989506719473
493.943,-2.970042796005714,-0.033732280986491926
494.738,-23.970042796005714,-0.272239921909713
495.513,-5.970042796005714,-0.06780480111838066
496.272,2.029957203994286,0.023055252566655953
497.01,-3.970042796005714,-0.045089787697121506
497.773,-13.970042796005714,-0.15866485480341727
498.527,-10.970042796005714,-0.12459233467152854
499.276,-20.970042796005714,-0.2381674017778243
500.018,-23.970042796005714,-0.272239921909713
500.777,-7.970042796005714,-0.09051981453963981
501.571,2.029957203994286,0.023055252566655953
502.249,-2.970042796005714,-0.033732280986491926
503.038,-4.970042796005714,-0.05644729440775108
503.805,29.029957203994286,0.32970793375365454
504.48,46.029957203994286,0.5227855478343573
505.155,4.029957203994286,0.04577026598791511
505.949,59.029957203994286,0.6704331350725418
506.692,81.02995720399429,0.9202982827063925
507.4,53.029957203994286,0.6022880948087643
508.115,62.029957203994286,0.7045056552044305
508.907,37.029957203994286,0.4205679874386911
509.665,13.029957203994286,0.1479878263835813
510.442,0.02995720399428592,0.00034023914539680147
511.19,-24.970042796005714,-0.2835974286203426
511.926,-32.970042796005714,-0.37445748230537923
512.667,-33.970042796005714,-0.3858149890160088
513.397,-31.970042796005714,-0.36309997559474966
514.118,-23.970042796005714,-0.272239921909713
514.805,-12.970042796005714,-0.1473073480927877
515.495,-0.9700427960057141,-0.011017267565232775
515.758,-36.970042796005714,-0.4198875091478975
516.129,-42.970042796005714,-0.488032549411675
516.404,-18.970042796005714,-0.21545238835656516
516.772,-11.970042796005714,-0.13594984138215813
517.417,-12.970042796005714,-0.1473073480927877
518.045,-7.970042796005714,-0.09051981453963981
518.672,-20.970042796005714,-0.2381674017778243
520.597,4.029957203994286,0.04577026598791511
521.261,2.029957203994286,0.023055252566655953
521.905,15.029957203994286,0.17070283980484044
522.59,-3.970042796005714,-0.045089787697121506
523.317,14.029957203994286,0.15934533309421087
524.078,-1.970042796005714,-0.02237477427586235
524.823,14.029957203994286,0.15934533309421087
525.585,18.029957203994286,0.20477535993672918
526.314,21.029957203994286,0.2388478800686179
527.09,9.029957203994286,0.10255779954106299
527.878,-1.970042796005714,-0.02237477427586235
528.194,0.02995720399428592,0.00034023914539680147
528.701,-55.970042796005714,-0.6356801366498595
529.574,-78.97004279600571,-0.8969027909943398
530.569,-69.97004279600571,-0.7946852305986736
531.63,-99.97004279600571,-1.1354104319175609
532.716,-97.97004279600571,-1.1126954184963016
533.851,-61.970042796005714,-0.7038251769136369
534.918,-70.97004279600571,-0.8060427373093031
536.138,-29.970042796005714,-0.3403849621734905
537.238,-22.970042796005714,-0.26088241519908345
537.729,-52.970042796005714,-0.6016076165179708
538.41,-71.97004279600571,-0.8174002440199327
538.935,-104.97004279600571,-1.1921979654707087
539.619,-119.97004279600571,-1.3625605661301523
540.796,-128.9700427960057,-1.4647781265258186
541.98,-111.97004279600571,-1.2717005124451157
543.191,-114.97004279600571,-1.3057730325770045
544.348,-92.97004279600571,-1.0559078849431538
545.449,-101.97004279600571,-1.15812544533882
546.657,-110.97004279600571,-1.2603430057344862
547.534,-129.9700427960057,-1.4761356332364481
548.537,-85.97004279600571,-0.9764053379687467
549.454,-63.970042796005714,-0.7265401903348961
550.303,-47.970042796005714,-0.5448200829648229
551.097,-42.970042796005714,-0.488032549411675
551.938,-28.970042796005714,-0.32902745546286094
552.32,-76.97004279600571,-0.8741877775730806
552.68,-88.97004279600571,-1.0104778581006355
553.319,-48.970042796005714,-0.5561775896754525
553.966,-18.970042796005714,-0.21545238835656516
554.58,-0.9700427960057141,-0.011017267565232775
555.123,37.029957203994286,0.4205679874386911
555.614,58.029957203994286,0.6590756283619122
556.118,55.029957203994286,0.6250031082300235
556.728,11.029957203994286,0.12527281296232215
557.173,-23.970042796005714,-0.272239921909713
557.673,-76.97004279600571,-0.8741877775730806
558.177,-76.97004279600571,-0.8741877775730806
558.695,-51.970042796005714,-0.5902501098073412
559.24,-27.970042796005714,-0.3176699487522313
559.761,-18.970042796005714,-0.21545238835656516
560.241,-3.970042796005714,-0.045089787697121506
560.45,-8.970042796005714,-0.10187732125026938
560.922,-55.970042796005714,-0.6356801366498595
561.403,-35.970042796005714,-0.40853000243726795
561.642,-33.970042796005714,-0.3858149890160088
562.088,-22.970042796005714,-0.26088241519908345
562.499,-24.970042796005714,-0.2835974286203426
562.919,12.029957203994286,0.13663031967295172
563.344,9.029957203994286,0.10255779954106299
563.731,34.029957203994286,0.3864954673068024
564.135,30.029957203994286,0.3410654404642841
564.522,59.029957203994286,0.6704331350725418
564.909,61.029957203994286,0.693148148493801
565.285,69.02995720399429,0.7840082021788376
565.685,57.029957203994286,0.6477181216512826
566.058,107.02995720399429,1.2155934571827616
566.451,98.02995720399429,1.1133758967870953
566.839,106.02995720399429,1.2042359504721318
567.218,100.02995720399429,1.1360909102083545
567.592,83.02995720399429,0.9430132961276516
567.987,95.02995720399429,1.0793033766552065
568.38,93.02995720399429,1.0565883632339474
568.771,69.02995720399429,0.7840082021788376
569.159,70.02995720399429,0.7953657088894671
569.548,69.02995720399429,0.7840082021788376
569.947,68.02995720399429,0.772650695468208
570.369,60.029957203994286,0.6817906417831714
570.766,77.02995720399429,0.8748682558638742
571.179,74.02995720399429,0.8407957357319854
571.602,90.02995720399429,1.0225158431020587
572.001,84.02995720399429,0.9543708028382812
572.425,94.02995720399429,1.067945869944577
572.849,92.02995720399429,1.045230856523318
573.262,93.02995720399429,1.0565883632339474
573.699,78.02995720399429,0.8862257625745038
574.147,100.02995720399429,1.1360909102083545
574.596,85.02995720399429,0.9657283095489108
575.047,80.02995720399429,0.908940775995763
575.523,61.029957203994286,0.693148148493801
575.989,69.02995720399429,0.7840082021788376
576.503,64.02995720399429,0.7272206686256897
577.002,77.02995720399429,0.8748682558638742
577.533,59.029957203994286,0.6704331350725418
578.05,82.02995720399429,0.9316557894170221
578.592,82.02995720399429,0.9316557894170221
579.149,98.02995720399429,1.1133758967870953
579.738,89.02995720399429,1.0111583363914292
579.954,1.029957203994286,0.011697745856026377
580.323,-14.970042796005714,-0.17002236151404684
581.064,-35.970042796005714,-0.40853000243726795
581.974,-31.970042796005714,-0.36309997559474966
582.906,-37.970042796005714,-0.4312450158585271
586.367,-49.970042796005714,-0.567535096386082
587.546,-68.97004279600571,-0.783327723888044
588.615,-51.970042796005714,-0.5902501098073412
589.836,-39.970042796005714,-0.45396002927978624
590.38,-91.97004279600571,-1.0445503782325243
592.154,-36.970042796005714,-0.4198875091478975
593.338,-9.970042796005714,-0.11323482796089897
594.462,19.029957203994286,0.21613286664735876
595.109,-56.970042796005714,-0.6470376433604891
595.9,-71.97004279600571,-0.8174002440199327
597.274,-54.970042796005714,-0.6243226299392299
597.934,-23.970042796005714,-0.272239921909713
598.795,24.029957203994286,0.2729204002005066
600.231,14.029957203994286,0.15934533309421087
601.645,22.029957203994286,0.2502053867792475
603.066,6.029957203994286,0.06848527940917426
604.462,-16.970042796005714,-0.192737374935306
605.857,13.029957203994286,0.1479878263835813
607.155,18.029957203994286,0.20477535993672918
608.425,58.029957203994286,0.6590756283619122
608.891,57.029957203994286,0.6477181216512826
609.587,63.029957203994286,0.7158631619150602
610.789,73.02995720399429,0.8294382290213559
611.955,100.02995720399429,1.1360909102083545
613.17,81.02995720399429,0.9202982827063925
614.353,100.02995720399429,1.1360909102083545
615.58,97.02995720399429,1.1020183900764657
616.953,91.02995720399429,1.0338733498126882
618.346,84.02995720399429,0.9543708028382812
619.68,82.02995720399429,0.9316557894170221
621.047,89.02995720399429,1.0111583363914292
621.696,107.02995720399429,1.2155934571827616
622.576,141.0299572039943,1.6017486853441671
623.18,98.02995720399429,1.1133758967870953
624.017,52.029957203994286,0.5909305880981348
624.596,53.029957203994286,0.6022880948087643
625.471,-41.970042796005714,-0.47667504270104544
626.02,-45.970042796005714,-0.5221050695435637
627.026,-133.9700427960057,-1.5215656600789664
629.09,-163.9700427960057,-1.8622908613978537
631.745,-143.9700427960057,-1.6351407271852623
634.297,-158.9700427960057,-1.805503327844706
636.877,-146.9700427960057,-1.669213247317151
639.599,-146.9700427960057,-1.669213247317151
642.439,-150.9700427960057,-1.7146432741596693
643.184,-133.9700427960057,-1.5215656600789664
644.475,-90.97004279600571,-1.0331928715218948
646.656,-90.97004279600571,-1.0331928715218948
648.892,-93.97004279600571,-1.0672653916537833
650.677,-105.97004279600571,-1.2035554721813384
652.655,-110.97004279600571,-1.2603430057344862
654.481,-122.97004279600571,-1.396633086262041
656.091,-105.97004279600571,-1.2035554721813384
656.807,-121.97004279600571,-1.3852755795514116
657.745,-175.9700427960057,-1.9985809419254086
659.404,-160.9700427960057,-1.828218341265965
661.034,-117.97004279600571,-1.3398455527088933
662.524,-135.9700427960057,-1.5442806735002257
664.034,-105.97004279600571,-1.2035554721813384
666.218,-143.9700427960057,-1.6351407271852623
666.98,-145.9700427960057,-1.6578557406065213
667.59,-154.9700427960057,-1.7600733010021876
668.326,-134.9700427960057,-1.532923166789596
668.792,-129.9700427960057,-1.4761356332364481
669.629,-123.97004279600571,-1.4079905929726706
670.915,-30.970042796005714,-0.3517424688841201
671.0,-36.970042796005714,-0.4198875091478975
671.226,-80.97004279600571,-0.9196178044155989
671.924,-57.970042796005714,-0.6583951500711186
672.332,-48.970042796005714,-0.5561775896754525
673.063,9.029957203994286,0.10255779954106299
673.438,-7.970042796005714,-0.09051981453963981
674.114,42.029957203994286,0.47735552099183903
674.408,44.029957203994286,0.5000705344130981
675.109,34.029957203994286,0.3864954673068024
675.54,31.029957203994286,0.3524229471749137
676.156,16.029957203994286,0.18206034651547
676.548,-64.97004279600571,-0.7378976970455257
676.973,-53.970042796005714,-0.6129651232286003
677.292,-55.970042796005714,-0.6356801366498595
677.864,-28.970042796005714,-0.32902745546286094
678.186,-24.970042796005714,-0.2835974286203426
678.832,-25.970042796005714,-0.29495493533097217
679.099,-19.970042796005714,-0.22680989506719473
679.196,24.029957203994286,0.2729204002005066
679.736,-59.970042796005714,-0.6811101634923777
680.111,-73.97004279600571,-0.8401152574411919
680.556,-53.970042796005714,-0.6129651232286003
680.846,-29.970042796005714,-0.3403849621734905
681.417,-37.970042796005714,-0.4312450158585271
681.772,-33.970042796005714,-0.3858149890160088
682.389,-14.970042796005714,-0.17002236151404684
682.653,3.029957203994286,0.03441275927728553
682.727,23.029957203994286,0.26156289348987705
683.26,-25.970042796005714,-0.29495493533097217
683.567,-21.970042796005714,-0.24952490848845388
684.055,-20.970042796005714,-0.2381674017778243
684.386,-15.970042796005714,-0.18137986822467642
684.862,0.02995720399428592,0.00034023914539680147
685.699,-11.970042796005714,-0.13594984138215813
685.925,-5.970042796005714,-0.06780480111838066
686.391,1.029957203994286,0.011697745856026377
686.687,3.029957203994286,0.03441275927728553
687.424,18.029957203994286,0.20477535993672918
687.886,9.029957203994286,0.10255779954106299
688.154,7.029957203994286,0.07984278611980383
688.585,18.029957203994286,0.20477535993672918
688.848,22.029957203994286,0.2502053867792475
689.296,37.029957203994286,0.4205679874386911
689.559,20.029957203994286,0.22749037335798833
689.983,35.029957203994286,0.39785297401743197
690.28,29.029957203994286,0.32970793375365454
690.707,41.029957203994286,0.46599801428120946
691.366,64.02995720399429,0.7272206686256897
691.622,48.029957203994286,0.5455005612556165
692.035,50.029957203994286,0.5682155746768757
692.303,37.029957203994286,0.4205679874386911
692.7,76.02995720399429,0.8635107491532447
692.956,82.02995720399429,0.9316557894170221
693.366,70.02995720399429,0.7953657088894671
694.005,95.02995720399429,1.0793033766552065
694.263,109.02995720399429,1.2383084706040206
694.649,119.02995720399429,1.3518835377103164
694.905,115.02995720399429,1.3064535108677982
695.299,132.0299572039943,1.4995311249485008
695.571,112.02995720399429,1.2723809907359094
695.98,127.02995720399429,1.442743591395353
696.229,123.02995720399429,1.3973135645528347
696.643,125.02995720399429,1.4200285779740938
696.918,104.02995720399429,1.1815209370508728
697.608,84.02995720399429,0.9543708028382812
698.047,85.02995720399429,0.9657283095489108
698.274,68.02995720399429,0.772650695468208
699.132,84.02995720399429,0.9543708028382812
699.557,74.02995720399429,0.8407957357319854
699.872,46.029957203994286,0.5227855478343573
700.346,61.029957203994286,0.693148148493801
700.665,58.029957203994286,0.6590756283619122
701.203,75.02995720399429,0.852153242442615
701.531,51.029957203994286,0.5795730813875052
702.052,64.02995720399429,0.7272206686256897
702.463,74.02995720399429,0.8407957357319854
702.918,85.02995720399429,0.9657283095489108
703.327,62.029957203994286,0.7045056552044305
703.876,73.02995720399429,0.8294382290213559
704.208,68.02995720399429,0.772650695468208
704.861,82.02995720399429,0.9316557894170221
705.337,65.02995720399429,0.7385781753363193
705.977,90.02995720399429,1.0225158431020587
706.402,90.02995720399429,1.0225158431020587
707.153,-0.9700427960057141,-0.011017267565232775
707.599,-14.970042796005714,-0.17002236151404684
708.37,-7.970042796005714,-0.09051981453963981
708.854,1.029957203994286,0.011697745856026377
709.631,91.02995720399429,1.0338733498126882
709.759,48.029957203994286,0.5455005612556165
710.141,36.029957203994286,0.40921048072806154
710.951,71.02995720399429,0.8067232156000967
711.569,53.029957203994286,0.6022880948087643
712.365,68.02995720399429,0.772650695468208
713.01,77.02995720399429,0.8748682558638742
713.738,73.02995720399429,0.8294382290213559
714.189,57.029957203994286,0.6477181216512826
715.115,50.029957203994286,0.5682155746768757
715.65,11.029957203994286,0.12527281296232215
716.463,-84.97004279600571,-0.9650478312581172
717.195,-120.97004279600571,-1.373918072840782
717.963,-116.97004279600571,-1.3284880459982638
718.635,-127.97004279600571,-1.4534206198151889
719.642,-111.97004279600571,-1.2717005124451157
720.533,-118.97004279600571,-1.3512030594195228
721.258,-28.970042796005714,-0.32902745546286094
721.921,-4.970042796005714,-0.05644729440775108
722.972,46.029957203994286,0.5227855478343573
723.688,40.029957203994286,0.45464050757057983
724.373,61.029957203994286,0.693148148493801
724.92,-41.970042796005714,-0.47667504270104544
725.869,41.029957203994286,0.46599801428120946
726.495,-15.970042796005714,-0.18137986822467642
727.18,21.029957203994286,0.2388478800686179
727.707,11.029957203994286,0.12527281296232215
728.453,39.029957203994286,0.44328300085995026
728.873,10.029957203994286,0.11391530625169256
729.754,31.029957203994286,0.3524229471749137
730.243,25.029957203994286,0.2842779069111362
731.027,18.029957203994286,0.20477535993672918
731.442,-7.970042796005714,-0.09051981453963981
732.146,17.029957203994286,0.1934178532260996
732.461,1.029957203994286,0.011697745856026377
733.159,5.029957203994286,0.05712777269854468
733.648,10.029957203994286,0.11391530625169256
734.194,-0.9700427960057141,-0.011017267565232775
734.588,0.02995720399428592,0.00034023914539680147
735.101,11.029957203994286,0.12527281296232215
735.524,-1.970042796005714,-0.02237477427586235
736.057,21.029957203994286,0.2388478800686179
736.413,26.029957203994286,0.29563541362176576
736.923,41.029957203994286,0.46599801428120946
737.286,22.029957203994286,0.2502053867792475
737.822,-11.970042796005714,-0.13594984138215813
738.13,-96.97004279600571,-1.101337911785672
738.819,-112.97004279600571,-1.2830580191557452
739.273,-111.97004279600571,-1.2717005124451157
739.81,-116.97004279600571,-1.3284880459982638
740.212,-108.97004279600571,-1.237627992313227
740.868,-105.97004279600571,-1.2035554721813384
741.423,-131.9700427960057,-1.4988506466577074
742.071,-110.97004279600571,-1.2603430057344862
742.503,-117.97004279600571,-1.3398455527088933
743.207,-97.97004279600571,-1.1126954184963016
743.706,-80.97004279600571,-0.9196178044155989
744.312,-97.97004279600571,-1.1126954184963016
744.774,-98.97004279600571,-1.1240529252069313
745.472,-87.97004279600571,-0.9991203513900059
746.005,-104.97004279600571,-1.1921979654707087
746.603,-91.97004279600571,-1.0445503782325243
747.05,-117.97004279600571,-1.3398455527088933
747.716,-114.97004279600571,-1.3057730325770045
748.233,-127.97004279600571,-1.4534206198151889
748.87,-110.97004279600571,-1.2603430057344862
749.32,-141.9700427960057,-1.612425713764003
750.045,-119.97004279600571,-1.3625605661301523
750.603,-111.97004279600571,-1.2717005124451157
751.254,-91.97004279600571,-1.0445503782325243
751.755,-118.97004279600571,-1.3512030594195228
752.568,-88.97004279600571,-1.0104778581006355
754.02,-109.97004279600571,-1.2489854990238567
754.349,-113.97004279600571,-1.294415525866375
755.14,-90.97004279600571,-1.0331928715218948
755.615,-74.97004279600571,-0.8514727641518214
756.321,-100.97004279600571,-1.1467679386281904
756.786,-80.97004279600571,-0.9196178044155989
756.995,-46.970042796005714,-0.5334625762541932
757.216,-39.970042796005714,-0.45396002927978624
757.508,-14.970042796005714,-0.17002236151404684
758.0,-21.970042796005714,-0.24952490848845388
758.143,-21.970042796005714,-0.24952490848845388
758.382,-33.970042796005714,-0.3858149890160088
758.817,-98.97004279600571,-1.1240529252069313
759.2,-85.97004279600571,-0.9764053379687467
760.015,-57.970042796005714,-0.6583951500711186
760.636,-65.97004279600571,-0.7492552037561553
761.574,-46.970042796005714,-0.5334625762541932
762.039,-45.970042796005714,-0.5221050695435637
762.827,1.029957203994286,0.011697745856026377
763.463,18.029957203994286,0.20477535993672918
763.818,36.029957203994286,0.40921048072806154
764.143,29.029957203994286,0.32970793375365454
764.585,43.029957203994286,0.4887130277024686
764.748,-1.970042796005714,-0.02237477427586235
765.084,15.029957203994286,0.17070283980484044
765.222,-19.970042796005714,-0.22680989506719473
765.505,-49.970042796005714,-0.567535096386082
765.886,-57.970042796005714,-0.6583951500711186
766.246,-52.970042796005714,-0.6016076165179708
767.071,-0.9700427960057141,-0.011017267565232775
767.621,-33.970042796005714,-0.3858149890160088
768.691,48.029957203994286,0.5455005612556165
769.3,50.029957203994286,0.5682155746768757
769.58,67.02995720399429,0.7612931887575785
769.727,96.02995720399429,1.0906608833658362
770.08,102.02995720399429,1.1588059236296135
770.294,110.02995720399429,1.2496659773146501
770.602,112.02995720399429,1.2723809907359094
770.931,127.02995720399429,1.442743591395353
771.205,119.02995720399429,1.3518835377103164
771.541,36.029957203994286,0.40921048072806154
771.829,23.029957203994286,0.26156289348987705
772.014,19.029957203994286,0.21613286664735876
772.199,10.029957203994286,0.11391530625169256
772.999,46.029957203994286,0.5227855478343573
773.632,29.029957203994286,0.32970793375365454
774.525,63.029957203994286,0.7158631619150602
775.246,57.029957203994286,0.6477181216512826
775.994,98.02995720399429,1.1133758967870953
776.555,81.02995720399429,0.9202982827063925
777.41,138.0299572039943,1.5676761652122784
778.032,161.0299572039943,1.8288988195567586
778.76,94.02995720399429,1.067945869944577
779.283,78.02995720399429,0.8862257625745038
780.095,96.02995720399429,1.0906608833658362
780.745,110.02995720399429,1.2496659773146501
781.633,113.02995720399429,1.283738497446539
781.957,103.02995720399429,1.1701634303402433
782.851,119.02995720399429,1.3518835377103164
783.428,98.02995720399429,1.1133758967870953
784.108,133.0299572039943,1.5108886316591306
784.64,119.02995720399429,1.3518835377103164
785.386,166.0299572039943,1.8856863531099064
785.96,157.0299572039943,1.7834687927142403
786.49,203.0299572039943,2.305914101403201
786.54,219.0299572039943,2.487634208773274
786.649,179.0299572039943,2.033333940348091
786.938,193.0299572039943,2.192339034296905
787.673,139.0299572039943,1.5790336719229079
788.123,69.02995720399429,0.7840082021788376
788.815,42.029957203994286,0.47735552099183903
789.262,23.029957203994286,0.26156289348987705
790.038,20.029957203994286,0.22749037335798833
790.69,-36.970042796005714,-0.4198875091478975
791.377,-16.970042796005714,-0.192737374935306
791.995,-53.970042796005714,-0.6129651232286003
792.827,-49.970042796005714,-0.567535096386082
793.596,-68.97004279600571,-0.783327723888044
794.4,-99.97004279600571,-1.1354104319175609
794.938,-91.97004279600571,-1.0445503782325243
796.32,-101.97004279600571,-1.15812544533882
797.277,-123.97004279600571,-1.4079905929726706
798.417,-61.970042796005714,-0.7038251769136369
799.396,-120.97004279600571,-1.373918072840782
